Index,NumStates, TimeTaken(ms),EquivalenceQueries, MembershipQueries
1,70,514,10,11562
2,170,402,2,9889
3,236,597,2,16555
4,170,452,3,17732
5,65,112,3,3013
6,82,119,2,4620
7,19,16,4,897
8,137,1384,15,42075
9,201,489,2,13299
10,116,233,2,7456
11,200,388,2,14035
12,238,720,3,21942
13,124,1139,7,19671
14,123,351,3,11609
15,181,495,3,15609
16,89,201,2,5370
17,201,1438,8,38285
18,212,616,4,22950
19,209,1343,5,30587
20,97,251,3,7020
21,3,1,2,21
22,66,107,2,2793
23,147,259,2,8850
24,77,525,9,13795
25,93,254,4,8789
26,221,510,2,15948
27,225,595,3,16687
28,111,304,5,10704
29,49,65,2,1980
30,215,571,2,15085
31,123,237,3,7904
32,229,608,3,20655
33,219,514,3,15804
34,159,594,3,14993
35,137,301,2,10175
36,185,809,7,28196
37,209,763,2,18436
38,20,13,3,861
39,232,545,2,15810
40,121,450,5,14337
41,30,64,5,2135
42,158,831,5,28213
43,207,543,2,14940
44,179,1986,16,54568
45,149,416,2,11362
46,187,440,3,12375
47,153,780,5,23332
48,212,1236,4,33150
49,195,4630,17,73899
50,214,2119,8,48906
51,141,1566,16,39620
52,68,144,4,4247
53,53,64,3,3317
54,60,97,3,3509
55,206,1388,6,32627
56,8,3,3,221
57,149,356,3,9269
58,34,32,5,2967
59,57,87,3,3910
60,101,147,2,5481
61,100,233,3,8643
62,116,228,3,7456
63,50,63,2,2828
64,81,254,3,6520
65,44,48,3,2225
66,83,113,2,4175
67,86,208,3,7439
68,168,479,4,16513
69,160,885,4,23754
70,136,380,3,14469
71,224,1216,4,29185
72,10,5,5,441
73,75,125,3,4681
74,156,1170,12,34743
75,35,91,8,3479
76,36,32,2,1533
77,100,195,2,5427
78,51,130,3,2369
79,86,234,3,5363
80,112,346,4,11925
81,84,272,9,12168
82,37,43,2,1575
83,66,112,2,3192
84,33,53,3,1675
85,205,1516,6,32469
86,191,647,4,20682
87,54,87,5,3270
88,207,582,2,12865
89,70,358,7,8319
90,153,561,4,19341
91,138,805,5,22160
92,124,637,8,17928
93,191,1178,5,25278
94,14,17,5,638
95,110,353,3,8619
96,1,0,1,3
97,52,118,3,3150
98,194,550,2,13615
99,27,47,7,1705
100,83,121,3,4008
101,115,428,4,11550
102,237,1245,6,41325
103,159,993,7,27115
104,21,24,4,1161
105,48,96,4,3492
106,156,322,2,12207
107,78,185,7,9420
108,186,647,4,22007
109,22,18,2,810
110,37,100,8,3900
111,149,277,3,11960
112,159,298,2,11165
113,190,863,4,23622
114,163,939,9,29757
115,49,115,4,4158
116,164,549,4,17108
117,104,499,7,14212
118,161,444,2,11305
119,165,385,2,10592
120,206,1116,5,29323
121,153,701,5,19034
122,222,1020,4,29815
123,215,665,3,23274
124,63,98,3,2794
125,225,863,2,18491
126,170,432,2,11935
127,78,143,4,4867
128,49,111,3,2673
129,134,396,2,10222
130,158,308,2,11412
131,131,349,4,13939
132,148,583,4,18117
133,213,589,2,15799
134,173,366,2,13186
135,237,662,3,18525
136,52,143,7,4935
137,95,254,4,6876
138,102,324,2,9020
139,56,173,7,5763
140,219,494,2,15804
141,9,5,5,304
142,60,227,7,7018
143,69,87,2,4031
144,26,24,4,1007
145,236,1174,4,29799
146,102,147,2,5740
147,183,716,4,20185
148,162,364,2,9425
149,112,300,2,6750
150,210,1592,9,45468
151,14,13,6,899
152,203,511,2,14652
153,180,392,2,11552
154,67,183,5,6750
155,41,51,2,1577
156,210,1085,3,21050
157,122,261,2,7105
158,66,221,5,5586
159,177,534,2,14910
160,18,155,7,1287
161,31,32,3,1449
162,162,353,3,10400
163,26,28,3,1378
164,63,101,2,3048
165,155,541,3,17105
166,33,110,6,2546
167,187,2936,7,37500
168,238,556,3,18603
169,2,1,2,10
170,201,465,2,13702
171,144,298,4,10693
172,70,212,4,4935
173,216,1592,9,48929
174,239,695,2,19160
175,189,1859,13,52681
176,203,563,2,14652
177,86,173,4,7785
178,148,333,3,10098
179,150,1431,12,36722
180,132,252,2,9010
181,193,640,3,18189
182,84,260,3,7605
183,114,202,3,7557
184,91,149,2,4575
185,180,1495,13,48735
186,105,273,3,9073
187,146,344,2,9376
188,239,756,2,22034
189,96,356,7,12159
190,48,61,2,2231
191,104,353,8,13376
192,45,54,3,3185
193,134,330,3,11836
194,49,132,3,3267
195,187,516,2,15375
196,96,626,6,14089
197,173,435,3,10410
198,121,245,2,6804
199,102,865,12,24805
200,40,52,3,2349
201,207,1598,8,48140
202,65,159,4,4716
203,29,35,3,1121
204,100,593,11,18291
205,167,446,2,12730
206,116,276,2,8621
207,244,990,5,31296
208,102,238,3,8405
209,50,57,2,2121
210,35,56,3,1491
211,162,395,2,11700
212,30,48,3,1342
213,85,150,3,6327
214,131,327,3,10520
215,110,531,3,10608
216,149,283,3,8073
217,237,980,4,29450
218,215,751,3,17671
219,102,151,3,7585
220,100,164,2,4824
221,81,151,2,4401
222,125,225,3,8283
223,85,129,3,4617
224,165,373,2,12909
225,200,862,4,26065
226,199,1592,9,42693
227,225,613,3,16687
228,109,241,4,8103
229,101,207,2,6090
230,131,374,5,14991
231,42,90,8,4420
232,63,128,5,5080
233,35,69,3,1917
234,10,6,3,231
235,98,191,2,6501
236,24,45,3,882
237,144,1065,9,28322
238,107,242,3,6020
239,103,518,3,10143
240,228,2082,5,36103
241,28,26,2,969
242,12,9,3,425
243,130,411,2,9135
244,38,1016,12,6160
245,216,553,2,16021
246,192,488,2,12705
247,58,83,5,4680
248,224,863,3,20205
249,182,409,2,11680
250,92,284,4,8140
251,94,123,3,5481
252,40,72,6,3321
253,26,28,3,901
254,201,471,2,15314
255,144,331,2,10693
256,198,509,2,13498
257,203,1618,10,45584
258,201,472,3,12896
259,194,836,3,20617
260,231,2562,7,49541
261,147,519,4,17700
262,196,2021,5,31440
263,229,3100,9,63342
264,93,217,2,5797
265,181,400,2,10527
266,60,171,7,6776
267,138,238,2,9695
268,22,18,3,1215
269,182,1171,4,22995
270,166,330,2,10989
271,12,8,4,350
272,184,371,3,11808
273,23,25,3,987
274,81,164,3,7172
275,146,318,2,9669
276,233,575,2,17746
277,177,1476,7,32660
278,73,515,11,11907
279,160,1931,10,39483
280,48,63,4,3492
281,46,54,3,2139
282,69,93,2,2919
283,206,1149,4,28084
284,226,873,3,25821
285,83,175,3,5177
286,182,942,4,24820
287,93,198,3,6171
288,164,308,2,10199
289,97,244,2,7800
290,231,984,3,23150
291,23,42,5,1645
292,185,633,5,20405
293,138,455,6,14681
294,1,0,1,3
295,67,197,6,5805
296,171,413,4,16121
297,22,15,3,1080
298,36,92,4,2482
299,237,1060,4,24700
300,241,747,3,20286
301,106,218,3,7029
302,1,0,1,3
303,205,493,2,16029
304,183,2072,11,53949
305,93,182,4,7480
306,205,973,3,21783
307,171,1244,7,31213
308,70,159,3,5217
309,159,393,2,11165
310,103,221,3,9522
311,59,100,2,3094
312,229,723,2,16983
313,174,392,2,13611
314,44,63,2,2047
315,173,1230,7,33659
316,81,140,3,5705
317,15,12,3,527
318,153,703,6,24560
319,170,387,2,9889
320,241,634,2,18354
321,147,476,4,15340
322,165,538,4,17874
323,155,479,2,13995
324,120,304,2,7953
325,26,21,3,1378
326,191,484,3,14171
327,203,689,2,18315
328,97,177,2,6045
329,70,143,2,4089
330,218,909,4,23161
331,188,516,4,16211
332,148,432,4,14256
333,64,252,5,6579
334,53,71,3,2889
335,39,72,5,3318
336,141,261,3,10188
337,18,12,3,555
338,162,293,3,9750
339,143,547,3,14350
340,59,122,4,5117
341,1,1,1,3
342,100,177,3,5628
343,150,357,3,15050
344,92,184,3,6845
345,157,782,7,27720
346,43,64,6,3306
347,44,132,6,4005
348,67,120,4,4725
349,40,91,7,3564
350,173,1342,8,39211
351,222,840,4,20915
352,232,614,2,15810
353,104,365,4,10659
354,10,6,4,336
355,94,262,4,8694
356,58,246,6,6435
357,147,363,2,10620
358,190,1840,12,48387
359,125,310,3,10040
360,108,265,4,9331
361,63,79,2,3429
362,31,38,2,1134
363,102,174,3,6150
364,28,48,2,1140
365,42,46,4,3315
366,86,221,5,8477
367,224,1370,4,30981
368,150,512,3,12943
369,66,89,3,3059
370,46,72,4,3534
371,93,125,3,5049
372,97,324,6,11700
373,197,2191,6,44635
374,204,631,3,18405
375,47,53,2,1900
376,62,227,8,7375
377,32,41,6,2015
378,186,492,2,13801
379,1,0,1,3
380,70,142,3,3525
381,234,501,3,20167
382,170,1036,5,23870
383,103,221,3,7866
384,223,565,3,18774
385,141,770,10,28866
386,124,805,4,16434
387,108,189,2,6510
388,107,445,3,12900
389,84,192,4,6929
390,11,9,3,299
391,128,725,5,17733
392,221,501,3,16834
393,48,108,7,4074
394,222,687,4,21360
395,106,187,2,6177
396,124,289,4,11454
397,5,2,4,132
398,150,350,3,9933
399,16,19,7,1155
400,173,373,2,10757
401,94,202,3,6615
402,179,488,3,14360
403,46,72,3,2418
404,116,280,2,6757
405,219,1258,5,34242
406,127,249,3,7650
407,213,559,2,17934
408,79,167,4,6837
409,134,421,3,11298
410,33,84,7,2412
411,84,254,4,7774
412,224,561,2,14368
413,165,368,2,11585
414,31,33,3,1071
415,187,821,4,19125
416,103,402,4,10350
417,16,13,6,957
418,117,498,5,17625
419,136,301,2,7644
420,146,373,2,9962
421,228,689,3,20108
422,172,701,5,23460
423,176,458,2,15179
424,118,263,3,10665
425,174,672,3,17101
426,21,18,2,602
427,1,0,1,3
428,43,60,3,2349
429,56,60,3,2712
430,174,419,2,15705
431,71,181,2,5434
432,88,146,2,5487
433,200,472,3,12030
434,99,464,7,11343
435,57,98,3,3680
436,215,607,2,17671
437,144,430,4,16184
438,147,2889,11,41595
439,219,534,2,14048
440,116,350,3,9786
441,56,116,3,4294
442,90,601,14,19729
443,209,1149,4,24302
444,250,744,2,19038
445,71,177,5,6578
446,175,407,2,11583
447,47,54,2,1995
448,88,128,3,4248
449,220,472,2,17199
450,103,182,3,7038
451,81,444,4,7172
452,107,359,3,7310
453,166,692,4,17982
454,239,789,3,17723
455,22,29,5,1170
456,1,0,1,3
457,151,354,3,11514
458,154,406,3,10506
459,152,352,2,8845
460,147,269,2,8555
461,232,621,3,19065
462,153,305,3,10745
463,166,264,2,9990
464,131,265,3,8416
465,244,743,2,18582
466,205,460,2,13563
467,214,552,2,14586
468,62,113,3,3125
469,118,307,4,9480
470,147,311,3,10030
471,1,0,1,3
472,185,407,4,19663
473,202,778,4,26325
474,15,8,3,403
475,11,9,4,345
476,204,415,2,13497
477,203,625,3,17908
478,130,330,3,10962
479,157,312,2,9765
480,35,46,2,1420
481,14,7,3,319
482,67,104,2,3510
483,108,198,2,5859
484,156,870,5,22849
485,170,530,5,19096
486,187,761,4,22500
487,205,398,2,13563
488,120,190,2,6266
489,168,1148,7,26960
490,25,25,5,1581
491,55,138,3,3663
492,113,470,5,12258
493,80,122,2,3864
494,173,880,5,22902
495,244,641,3,19071
496,62,275,9,8750
497,179,481,2,11488
498,10,8,4,357
499,65,90,2,3537
500,74,142,3,4172
501,18,33,4,888
502,134,732,7,18023
503,217,580,4,20445
504,50,82,3,2424
505,52,93,4,3150
506,134,1174,9,29590
507,106,290,3,6390
508,168,358,2,10784
509,90,154,3,5973
510,156,424,2,11581
511,88,215,3,5664
512,135,1348,13,31707
513,239,735,2,19160
514,179,508,3,12924
515,91,165,2,4941
516,188,526,2,12064
517,32,50,5,2015
518,22,16,2,630
519,141,595,6,18678
520,104,227,2,5643
521,59,102,5,4641
522,125,221,2,7279
523,81,205,6,7661
524,226,545,2,15855
525,149,388,3,10764
526,227,681,3,15015
527,138,471,5,14958
528,142,260,2,8550
529,80,420,8,13041
530,88,405,10,14337
531,182,472,3,15330
532,235,599,2,18369
533,44,65,4,2225
534,1,0,1,3
535,212,777,3,20825
536,62,140,3,4625
537,115,237,3,7392
538,200,2929,12,62155
539,167,613,3,15745
540,225,925,2,19393
541,46,67,3,2604
542,150,358,3,12642
543,69,94,3,3892
544,179,1168,5,24412
545,156,607,5,23475
546,198,579,2,16277
547,119,308,3,7648
548,59,175,6,5236
549,81,475,9,11899
550,233,657,2,15411
551,191,773,4,22597
552,99,193,3,8358
553,39,54,3,1896
554,144,274,3,8959
555,225,520,2,17138
556,172,931,10,33120
557,176,430,3,10943
558,88,515,9,14514
559,63,349,8,10287
560,37,42,4,2100
561,22,35,5,1305
562,249,1169,4,30439
563,195,622,2,17595
564,103,166,2,6003
565,128,283,2,7196
566,182,956,5,27010
567,58,176,6,5499
568,188,511,3,13572
569,231,620,2,16668
570,111,282,4,7359
571,94,650,9,17388
572,74,99,3,5066
573,99,177,2,5771
574,66,244,10,8911
575,94,430,12,14742
576,104,243,4,6688
577,24,20,4,1372
578,20,33,5,1230
579,97,234,2,6630
580,1,0,1,3
581,156,1828,12,36934
582,188,883,3,19981
583,138,270,2,9418
584,191,462,3,12639
585,69,306,6,9591
586,98,180,2,5516
587,52,94,3,2415
588,169,443,3,15594
589,229,760,4,22950
590,121,276,3,9477
591,222,2104,4,32930
592,208,1326,4,28773
593,21,20,3,860
594,65,108,4,4323
595,240,861,2,22607
596,51,89,3,2987
597,37,53,3,2325
598,69,140,3,5560
599,1,0,1,3
600,181,406,3,12705
601,98,173,3,5910
602,15,10,3,527
603,242,813,3,23765
604,35,49,3,1491
605,108,316,2,6944
606,25,32,3,1122
607,128,188,2,6939
608,1,0,1,3
609,144,901,5,20808
610,204,1046,4,24540
611,193,432,3,12771
612,148,1075,9,31779
613,216,4002,10,58888
614,22,34,3,990
615,31,23,3,1323
616,212,453,2,16575
617,156,297,2,10642
618,18,32,4,962
619,198,717,3,18262
620,76,114,3,3672
621,89,195,3,6444
622,103,185,2,6417
623,30,59,5,2074
624,150,418,2,11438
625,10,9,5,378
626,42,72,3,2380
627,159,970,5,22330
628,227,1287,5,35035
629,57,79,3,4025
630,179,396,2,11488
631,186,1144,5,30959
632,153,432,2,11359
633,1,0,1,3
634,187,1495,8,39375
635,17,15,4,735
636,130,258,2,7569
637,99,185,2,5970
638,11,6,3,322
639,26,24,3,954
640,27,40,5,1540
641,34,55,5,1794
642,177,1198,5,23785
643,21,14,3,817
644,221,538,2,15062
645,102,574,8,13940
646,199,486,2,15162
647,39,56,3,2212
648,20,22,5,1189
649,148,341,2,10395
650,150,494,2,12642
651,11,8,3,299
652,51,302,12,9167
653,166,367,2,11655
654,128,519,5,16191
655,158,328,2,10461
656,126,426,5,12650
657,232,1216,4,26505
658,33,30,2,1407
659,206,890,4,22715
660,141,369,3,12452
661,125,328,5,10542
662,190,574,5,24003
663,107,769,12,24510
664,146,532,3,14064
665,105,211,2,6752
666,160,1665,11,35952
667,122,321,3,10535
668,156,388,2,9077
669,28,29,4,1653
670,115,304,3,7623
671,77,130,3,4650
672,130,1739,12,33147
673,117,835,12,26320
674,180,605,5,18411
675,191,513,4,17235
676,244,1056,4,29829
677,18,10,2,444
678,161,405,2,11628
679,190,606,2,12573
680,239,636,2,17723
681,175,3920,18,62478
682,25,24,2,867
683,168,1235,7,27971
684,231,923,6,37503
685,237,811,2,19475
686,34,33,2,1311
687,44,62,3,1691
688,31,47,5,1449
689,103,296,3,7659
690,110,271,3,7735
691,58,123,4,4095
692,213,899,5,23485
693,196,1240,6,34191
694,204,2247,11,51943
695,196,1214,4,30654
696,223,571,2,14304
697,55,177,6,5328
698,25,32,5,1122
699,61,162,5,6396
700,167,499,2,11725
701,191,1171,6,29491
702,32,88,3,1755
703,126,219,2,8602
704,87,652,13,16800
705,50,142,3,2727
706,204,737,5,24131
707,94,1173,18,28161
708,1,0,1,3
709,54,68,4,3597
710,114,1132,5,16488
711,62,87,2,3500
712,63,105,3,3810
713,112,208,3,6975
714,210,4404,11,64834
715,51,73,2,1957
716,94,874,8,17577
717,226,600,2,16761
718,173,570,2,13533
719,151,517,3,11514
720,25,22,3,816
721,24,19,2,833
722,169,1688,10,40341
723,135,604,3,15176
724,188,384,2,12818
725,146,356,3,10841
726,148,492,3,12474
727,154,1675,6,21939
728,1,0,1,3
729,27,37,3,1595
730,119,232,2,7887
731,217,516,3,20880
732,226,1256,4,25821
733,51,124,5,4326
734,100,229,3,7437
735,123,503,3,11362
736,208,478,2,16680
737,27,39,5,1540
738,91,331,3,8235
739,235,514,2,17898
740,153,460,3,14122
741,1,0,1,3
742,1,0,1,3
743,225,796,3,21197
744,98,175,3,5713
745,139,243,2,8928
746,134,1219,10,32011
747,114,506,2,9389
748,146,588,5,16701
749,209,700,4,25140
750,44,49,2,2047
751,235,606,2,19782
752,64,100,2,2838
753,15,12,4,496
754,46,87,4,2697
755,72,273,4,7975
756,228,902,2,17823
757,20,30,7,1271
758,32,70,3,1495
759,211,452,2,16074
760,176,1350,12,38477
761,97,137,2,6045
762,170,702,2,15004
763,139,291,2,8649
764,152,845,7,29280
765,150,293,3,10535
766,79,560,13,15105
767,73,124,3,4116
768,23,54,6,1692
769,151,323,3,10605
770,86,177,2,4671
771,44,51,3,2492
772,119,510,5,14340
773,205,1304,5,27948
774,43,115,8,4524
775,185,1024,5,28196
776,149,884,4,19435
777,222,2356,9,52510
778,215,1734,2,25860
779,71,514,6,9867
780,196,518,3,16113
781,195,1854,7,41055
782,193,711,3,15480
783,48,68,2,2134
784,91,190,3,4941
785,136,537,4,12558
786,189,3110,20,72010
787,103,542,3,8694
788,69,110,2,3475
789,52,63,4,3045
790,228,881,4,22393
791,29,38,2,1180
792,21,17,2,688
793,198,762,2,16674
794,234,2423,7,48776
795,145,483,3,13095
796,117,225,3,9400
797,130,439,3,11223
798,226,621,4,17214
799,116,373,2,9786
800,207,621,2,15770
801,101,200,3,5481
802,121,226,2,6318
803,124,246,2,7719
804,130,427,5,14094
805,106,346,6,10011
806,7,3,3,150
807,188,483,2,13195
808,171,1330,11,43561
809,84,151,4,5408
810,135,653,2,12195
811,20,24,3,984
812,38,52,2,1540
813,142,365,2,9120
814,201,659,3,23374
815,198,491,3,20644
816,97,176,2,5460
817,60,101,3,3993
818,219,1562,5,38193
819,132,1258,4,18020
820,163,350,2,10791
821,181,600,2,15972
822,215,1781,4,21981
823,162,358,2,10725
824,38,59,3,2079
825,186,487,2,11563
826,177,387,2,12780
827,218,578,4,20976
828,206,1033,4,29323
829,174,633,2,13960
830,87,145,2,5075
831,180,740,3,18050
832,211,441,2,16497
833,110,579,7,14586
834,117,228,2,7050
835,147,571,5,19765
836,1,0,1,3
837,80,196,3,5152
838,24,19,4,1078
839,169,786,6,26442
840,154,393,3,12360
841,151,306,2,9090
842,15,15,3,527
843,121,825,8,21627
844,136,277,2,8736
845,84,196,2,5408
846,51,83,4,3090
847,10,5,4,294
848,16,12,2,462
849,87,733,10,14700
850,223,623,2,16092
851,184,403,4,17343
852,49,69,4,2277
853,64,227,3,5160
854,131,276,3,7364
855,103,230,3,6831
856,155,310,2,9330
857,61,120,2,3444
858,76,146,4,5355
859,131,1149,15,33927
860,40,50,3,2592
861,218,603,2,17480
862,80,146,3,4669
863,46,118,3,3441
864,15,15,5,651
865,168,779,4,19546
866,33,37,4,1809
867,77,123,2,4030
868,187,500,3,18750
869,93,446,4,9537
870,132,484,3,12985
871,94,153,2,5292
872,161,1149,5,25517
873,232,779,5,29295
874,95,272,5,9168
875,75,186,3,5285
876,217,528,2,16965
877,135,526,5,16531
878,83,134,4,5678
879,181,400,2,12342
880,173,1644,13,39211
881,100,368,5,9849
882,242,1034,3,21825
883,36,38,3,2336
884,22,23,3,855
885,43,72,3,2175
886,178,1154,5,24633
887,144,352,3,10982
888,43,60,2,2262
889,178,484,2,13566
890,156,752,4,18154
891,20,23,4,861
892,31,31,2,1134
893,53,70,3,2568
894,209,1082,7,34777
895,233,794,2,19614
896,202,1114,4,26325
897,154,573,5,19776
898,114,203,3,6870
899,23,18,2,799
900,186,1307,4,26483
901,199,609,2,15162
902,140,349,2,9273
903,54,171,5,3924
904,28,32,4,1368
905,184,471,2,11439
906,133,450,4,13350
907,55,217,10,6771
908,127,1167,12,31110
909,179,450,2,12924
910,235,1586,3,28731
911,25,66,3,1122
912,136,261,2,10101
913,206,1014,4,24780
914,111,288,3,8920
915,222,2761,11,55180
916,226,1122,4,29445
917,62,119,3,4625
918,189,473,3,15918
919,62,106,3,3375
920,123,315,6,14079
921,221,959,3,22593
922,182,433,2,14235
923,122,331,4,12005
924,134,955,14,33625
925,206,768,3,16520
926,36,58,3,1679
927,162,804,3,16900
928,222,2762,9,60075
929,231,588,2,14816
930,127,610,3,12495
931,57,81,4,3910
932,14,12,3,493
933,11,9,3,253
934,92,729,5,11285
935,197,778,3,19750
936,57,89,4,3795
937,194,473,2,13615
938,102,327,2,6560
939,110,310,3,9945
940,121,279,2,8505
941,22,17,2,810
942,82,209,3,5280
943,189,494,2,12886
944,218,1584,3,31027
945,209,2353,15,61174
946,190,587,2,13716
947,101,145,2,5887
948,152,284,4,11285
949,196,653,3,16899
950,223,808,3,15198
951,145,938,8,25899
952,158,373,3,10144
953,51,144,6,4429
954,104,255,2,6270
955,223,1250,5,33972
956,81,165,2,4401
957,103,232,2,7452
958,239,716,3,23950
959,162,416,2,13975
960,123,466,2,10374
961,150,465,4,16254
962,224,679,3,22450
963,169,312,2,10848
964,67,102,2,4320
965,236,1402,4,35948
966,159,426,4,14674
967,114,1218,11,24045
968,98,226,3,6304
969,208,547,2,15012
970,168,329,2,10784
971,190,625,2,13335
972,36,47,4,2263
973,111,281,3,8697
974,198,2105,11,52404
975,87,616,11,16625
976,44,88,3,2581
977,45,123,6,3458
978,25,19,2,765
979,180,852,2,15523
980,189,445,3,16676
981,143,899,11,28126
982,68,64,2,3151
983,23,22,6,1269
984,149,1019,7,25415
985,115,231,3,8085
986,247,1456,4,33165
987,50,72,4,2929
988,189,702,3,18192
989,127,352,3,11220
990,244,1324,4,34230
991,189,682,4,21982
992,40,59,4,2430
993,226,784,4,29445
994,81,205,3,6357
995,91,183,3,5124
996,123,593,4,13585
997,183,467,3,12111
998,197,945,3,26465
999,167,906,3,21775
1000,20,19,2,574
1001,153,941,7,26709
1002,111,248,3,8028
1003,58,100,4,3159
1004,22,10,4,1215
1005,160,609,4,18297
1006,234,2764,17,79730
1007,111,261,2,6913
1008,157,274,2,13545
1009,94,176,2,5859
1010,179,904,4,24771
1011,166,358,2,12321
1012,68,411,11,12193
1013,24,49,6,2450
1014,71,116,3,4004
1015,221,683,2,15948
1016,224,738,4,26491
1017,145,1324,7,31137
1018,205,580,3,16029
1019,102,205,5,6970
1020,87,158,3,6125
1021,45,97,2,2457
1022,157,447,3,13545
1023,188,647,2,12818
1024,65,147,3,4716
1025,120,598,10,19039
1026,45,60,2,2093
1027,197,1107,3,30415
1028,234,701,2,17822
1029,1,0,1,3
1030,168,394,3,9436
1031,210,2582,10,46310
1032,166,395,3,9990
1033,88,414,6,9204
1034,168,785,6,20894
1035,185,417,2,12243
1036,160,495,3,19260
1037,171,707,3,14063
1038,207,619,2,17015
1039,78,162,3,4396
1040,32,42,2,1495
1041,105,258,3,7807
1042,126,607,7,18722
1043,100,243,2,6231
1044,197,482,2,13430
1045,177,1061,7,28400
1046,59,93,3,3689
1047,37,38,2,1350
1048,212,659,2,14875
1049,110,207,2,6630
1050,153,371,2,8903
1051,88,205,3,6549
1052,61,317,12,9963
1053,238,2062,7,40545
1054,219,404,2,15365
1055,67,104,2,3240
1056,169,2259,14,52206
1057,208,544,2,14595
1058,4,1,2,54
1059,143,381,3,13776
1060,18,18,3,703
1061,116,416,5,14679
1062,20,24,3,615
1063,57,106,4,4140
1064,174,611,2,15007
1065,174,384,2,11517
1066,100,196,2,6432
1067,122,305,3,8575
1068,57,125,4,3680
1069,69,179,2,4170
1070,118,210,2,6399
1071,72,448,10,12470
1072,25,30,4,1326
1073,149,819,7,24219
1074,39,62,4,2370
1075,163,770,3,20928
1076,82,194,2,4290
1077,219,650,3,15804
1078,138,749,7,20221
1079,205,6368,9,50553
1080,74,101,2,4768
1081,47,59,2,2090
1082,116,706,6,18174
1083,48,136,6,3395
1084,74,160,2,5066
1085,234,971,2,20636
1086,44,87,3,2047
1087,65,118,4,4585
1088,97,239,3,8385
1089,61,140,5,4182
1090,38,38,2,1386
1091,77,114,2,3720
1092,122,218,2,8085
1093,225,646,2,17138
1094,155,346,2,10885
1095,32,37,2,1040
1096,206,480,2,14455
1097,119,231,2,7409
1098,157,358,3,10395
1099,22,24,3,945
1100,207,1050,3,26975
1101,140,434,3,16298
1102,85,176,5,7866
1103,135,313,2,8130
1104,183,641,2,14313
1105,183,435,2,12478
1106,85,146,2,4275
1107,13,8,5,675
1108,209,506,2,14665
1109,186,571,3,18277
1110,13,8,3,378
1111,171,1815,7,34986
1112,70,257,7,8742
1113,53,629,4,4387
1114,213,1952,9,53375
1115,15,12,4,744
1116,85,137,2,4275
1117,18,14,2,407
1118,235,1028,6,33912
1119,138,291,3,8033
1120,135,245,2,7588
1121,181,472,3,18513
1122,75,130,2,4379
1123,77,215,6,8215
1124,136,1092,7,27027
1125,196,440,2,13755
1126,226,1322,5,33069
1127,86,475,7,13148
1128,112,300,5,11700
1129,187,646,3,16500
1130,123,282,3,11856
1131,85,894,8,14193
1132,189,477,2,13644
1133,136,281,2,7644
1134,23,36,4,1175
1135,17,15,3,665
1136,53,184,6,5350
1137,49,76,4,3366
1138,25,18,3,816
1139,28,33,2,1197
1140,225,1536,5,38786
1141,224,459,3,17062
1142,11,7,5,460
1143,193,405,2,13545
1144,28,34,3,1368
1145,205,1028,3,22605
1146,57,223,8,6900
1147,216,909,2,19485
1148,98,280,2,6895
1149,61,127,2,3690
1150,231,1219,4,27780
1151,120,353,4,13978
1152,83,383,7,10354
1153,219,1348,3,23706
1154,58,152,6,5850
1155,173,2268,7,38864
1156,235,632,2,17898
1157,193,709,4,20898
1158,70,109,2,3384
1159,30,41,2,1220
1160,51,102,6,3708
1161,200,983,5,24862
1162,30,31,3,1220
1163,163,319,3,14061
1164,65,323,10,10349
1165,107,193,2,6235
1166,23,23,4,987
1167,220,632,2,17640
1168,69,94,2,3197
1169,8,4,4,238
1170,7,2,4,165
1171,69,205,2,7228
1172,89,135,2,5549
1173,1,0,1,3
1174,180,470,3,11552
1175,73,155,3,6027
1176,119,268,2,7409
1177,41,60,3,2739
1178,151,341,2,12423
1179,45,61,2,2002
1180,110,134,2,6630
1181,47,232,10,6175
1182,117,439,2,10105
1183,68,152,3,3973
1184,133,1213,14,34977
1185,110,397,5,13260
1186,197,557,2,16985
1187,55,111,2,3108
1188,111,453,6,15164
1189,19,22,6,1092
1190,206,1439,6,35105
1191,154,280,2,8961
1192,139,549,5,17856
1193,189,655,5,22740
1194,80,122,2,4508
1195,127,193,2,6885
1196,221,595,3,15505
1197,32,34,3,1365
1198,205,862,2,21783
1199,162,1572,15,52325
1200,28,96,8,2508
1201,17,15,2,455
1202,214,594,2,16302
1203,140,539,6,16579
1204,162,768,6,26325
1205,233,859,3,21482
1206,40,160,9,5265
1207,45,153,7,4368
1208,28,199,6,2109
1209,24,14,3,1029
1210,212,590,3,15300
1211,167,322,3,12060
1212,94,135,2,5292
1213,112,239,2,6525
1214,79,250,3,7473
1215,93,191,3,5984
1216,180,1605,5,30685
1217,170,655,2,12617
1218,115,571,6,15246
1219,96,896,5,9843
1220,177,1403,4,24140
1221,133,670,4,14685
1222,191,432,2,13405
1223,53,93,4,3424
1224,182,1333,7,33580
1225,130,276,3,10440
1226,199,497,2,15561
1227,109,300,5,9636
1228,95,180,3,5921
1229,57,139,4,3565
1230,33,39,4,1541
1231,159,693,4,15631
1232,148,455,4,14553
1233,158,390,2,11095
1234,176,501,4,15885
1235,111,265,3,8697
1236,98,1128,15,22655
1237,148,777,7,23463
1238,72,369,8,8265
1239,168,454,3,14828
1240,130,305,3,9135
1241,43,66,3,2175
1242,50,75,2,2929
1243,202,529,2,15390
1244,157,389,2,10080
1245,61,338,7,7134
1246,43,59,3,2349
1247,37,101,7,3525
1248,48,81,2,2134
1249,30,42,3,1159
1250,181,682,3,16335
1251,96,217,2,5404
1252,206,790,2,14868
1253,39,61,5,2449
1254,186,465,2,13801
1255,196,765,3,18078
1256,214,739,4,20163
1257,182,477,2,13505
1258,200,479,3,20050
1259,134,280,2,7263
1260,85,553,5,10431
1261,52,259,5,5040
1262,58,115,3,3510
1263,115,486,5,15708
1264,10,9,3,273
1265,132,344,2,9275
1266,213,574,3,16653
1267,88,202,3,6549
1268,177,944,5,25915
1269,61,308,6,6519
1270,102,280,4,7790
1271,139,461,3,8091
1272,45,85,3,2457
1273,121,672,3,10449
1274,208,1085,3,26688
1275,58,118,4,3627
1276,160,551,2,11877
1277,197,549,3,16195
1278,137,1031,7,22275
1279,145,334,3,9021
1280,209,842,3,22207
1281,190,525,2,13335
1282,64,181,3,4386
1283,228,2431,5,36103
1284,59,150,6,5950
1285,205,736,3,18084
1286,166,624,3,10989
1287,113,417,4,10442
1288,1,0,1,3
1289,80,100,2,3703
1290,218,570,4,21413
1291,184,447,3,12177
1292,27,37,4,1320
1293,111,212,4,11819
1294,120,1246,10,26269
1295,68,315,6,6713
1296,113,247,2,5902
1297,80,147,4,7084
1298,52,78,2,2625
1299,117,197,2,6345
1300,161,564,5,19380
1301,26,36,4,1219
1302,141,314,3,9056
1303,5,4,3,66
1304,24,29,3,1274
1305,121,365,2,7290
1306,179,651,3,15437
1307,41,52,2,1909
1308,71,192,4,5577
1309,178,381,3,14994
1310,185,400,2,12985
1311,193,763,5,25929
1312,81,149,3,4564
1313,75,120,2,3775
1314,108,249,3,7161
1315,147,513,3,12095
1316,1,0,1,3
1317,144,423,3,10693
1318,193,908,3,18963
1319,114,213,2,5954
1320,174,476,2,11517
1321,159,435,2,11484
1322,218,753,3,17917
1323,197,531,3,13825
1324,167,397,3,11390
1325,57,86,2,2530
1326,175,935,3,21411
1327,33,123,9,3082
1328,205,539,2,15618
1329,138,311,3,9141
1330,228,562,3,19194
1331,207,1804,7,43160
1332,59,98,3,2975
1333,216,595,3,17753
1334,1,0,1,3
1335,51,107,7,4841
1336,141,276,2,9339
1337,231,767,4,23613
1338,66,308,5,8113
1339,158,1011,7,28530
1340,1,0,1,3
1341,183,795,5,22754
1342,13,8,2,351
1343,108,217,3,8246
1344,211,1078,4,21996
1345,111,453,5,14495
1346,172,374,2,11385
1347,195,1447,5,36363
1348,102,501,7,14145
1349,103,189,2,6417
1350,70,111,2,3525
1351,70,176,2,3948
1352,244,1931,6,44988
1353,62,125,3,3625
1354,24,22,2,882
1355,208,1006,4,23769
1356,147,304,2,9145
1357,218,488,3,14421
1358,216,3851,20,83136
1359,165,1550,7,34424
1360,19,22,5,1131
1361,190,485,3,12954
1362,130,215,2,8613
1363,120,311,3,11327
1364,73,305,8,9408
1365,139,885,7,23994
1366,88,210,2,5664
1367,10,10,3,231
1368,95,694,13,17572
1369,201,1126,4,25389
1370,7,2,3,165
1371,34,36,3,1587
1372,175,512,2,15795
1373,162,328,2,11050
1374,99,185,2,6766
1375,152,459,2,13115
1376,24,21,4,1176
1377,247,2872,6,50490
1378,228,629,3,15538
1379,130,251,3,8613
1380,53,92,2,2461
1381,65,129,4,4847
1382,76,273,8,9945
1383,222,762,4,23585
1384,97,214,3,6045
1385,238,608,2,17172
1386,241,2793,8,53613
1387,29,31,4,1416
1388,220,2729,11,64386
1389,137,333,2,10725
1390,17,14,2,490
1391,24,43,3,1127
1392,201,952,4,24986
1393,75,162,3,5436
1394,30,43,5,1952
1395,155,386,2,9641
1396,1,0,1,3
1397,229,502,3,16065
1398,204,4518,22,83027
1399,136,235,3,8463
1400,161,445,3,12274
1401,188,1179,8,35815
1402,17,16,4,560
1403,241,1546,7,41538
1404,65,247,8,8122
1405,97,201,2,5070
1406,109,401,2,8322
1407,204,748,4,22086
1408,178,1955,11,44625
1409,13,10,2,270
1410,74,136,2,4619
1411,23,27,3,940
1412,93,403,4,7667
1413,55,78,3,3108
1414,151,1315,8,32118
1415,65,125,3,3930
1416,227,703,3,21840
1417,96,242,3,6176
1418,95,260,4,6876
1419,100,232,2,6633
1420,197,2310,13,54115
1421,74,144,4,5066
1422,56,98,3,2825
1423,106,336,6,11289
1424,132,342,3,8745
1425,166,357,3,11988
1426,57,66,3,3680
1427,40,177,6,3969
1428,237,777,3,21375
1429,212,1631,8,42925
1430,157,336,2,9765
1431,164,346,2,10528
1432,95,218,4,7831
1433,115,200,3,9009
1434,42,126,5,3400
1435,32,33,3,2080
1436,72,111,3,4495
1437,1,0,1,3
1438,217,465,2,15225
1439,90,181,2,5249
1440,141,1816,7,28017
1441,113,422,4,12258
1442,145,488,3,12513
1443,216,920,3,21217
1444,59,107,2,3213
1445,60,112,2,3146
1446,48,132,6,4365
1447,200,879,4,21253
1448,205,639,2,16029
1449,55,89,2,3219
1450,121,457,4,10206
1451,52,199,4,3465
1452,34,52,3,1242
1453,142,389,2,8835
1454,195,2111,7,39100
1455,155,1156,10,30167
1456,168,410,2,14491
1457,148,482,3,13365
1458,176,494,2,12355
1459,121,170,2,7290
1460,156,1229,8,26605
1461,60,150,4,4235
1462,24,25,4,1274
1463,219,1810,10,52241
1464,82,219,4,6600
1465,72,188,4,6235
1466,75,150,3,4832
1467,201,633,3,15314
1468,122,607,7,18865
1469,189,472,3,15539
1470,228,754,2,16909
1471,220,814,4,26460
1472,24,35,3,1127
1473,75,165,2,3473
1474,60,129,3,3267
1475,101,203,2,5481
1476,136,293,2,7644
1477,217,2309,8,50895
1478,92,147,3,6290
1479,237,1377,5,35625
1480,43,97,6,3306
1481,212,702,2,14450
1482,65,118,3,3275
1483,36,65,6,3066
1484,213,883,3,23912
1485,145,395,2,8730
1486,107,274,3,7740
1487,61,112,2,3936
1488,86,129,2,5709
1489,43,55,2,1740
1490,188,435,2,13195
1491,86,217,4,7266
1492,126,331,3,6578
1493,80,288,2,5796
1494,171,399,2,10633
1495,114,1496,12,27938
1496,51,70,2,2575
1497,156,505,3,13459
1498,26,84,5,1855
1499,219,674,2,19316
1500,45,54,2,2548
1501,181,404,2,11979
1502,65,84,2,2882
1503,177,551,2,14555
1504,140,302,3,11240
1505,12,10,4,450
1506,163,1268,10,33027
1507,166,452,3,13986
1508,226,628,2,16761
1509,219,3396,13,71557
1510,85,383,7,13167
1511,86,177,4,6055
1512,93,155,2,5049
1513,52,105,3,3465
1514,187,1251,2,17625
1515,230,954,4,25355
1516,1,1,1,3
1517,139,1216,11,33759
1518,117,608,6,15510
1519,215,704,3,21550
1520,178,685,5,22491
1521,160,283,2,9630
1522,99,267,4,8358
1523,150,804,5,17759
1524,65,238,5,6288
1525,124,226,3,7968
1526,187,1975,10,43500
1527,119,257,4,8604
1528,51,123,6,3502
1529,127,339,4,13515
1530,9,6,4,323
1531,58,106,4,3627
1532,162,394,3,9425
1533,102,180,2,5330
1534,130,763,7,20880
1535,61,81,2,2952
1536,91,199,6,9150
1537,163,1167,5,22890
1538,40,49,2,1620
1539,59,154,6,5712
1540,94,240,2,4914
1541,17,20,4,735
1542,89,260,4,7339
1543,219,697,3,21072
1544,74,195,6,8046
1545,13,12,3,486
1546,229,1049,5,22950
1547,231,1344,4,34725
1548,200,914,3,16842
1549,74,267,7,8940
1550,220,783,2,18522
1551,61,153,4,5043
1552,35,58,2,1207
1553,215,1418,3,27584
1554,37,53,6,2925
1555,89,191,3,5191
1556,188,987,2,20735
1557,35,41,4,1704
1558,68,107,2,4247
1559,170,427,2,12276
1560,206,652,3,18998
1561,53,79,3,2675
1562,73,655,8,11319
1563,10,6,2,210
1564,221,1408,3,30124
1565,120,1566,12,29643
1566,158,524,3,12046
1567,74,127,2,4172
1568,151,678,5,18180
1569,77,231,4,7130
1570,11,7,4,368
1571,95,297,4,7449
1572,84,149,2,5070
1573,8,9,4,238
1574,245,916,3,27496
1575,91,172,3,6771
1576,110,212,3,6188
1577,121,1114,7,21627
1578,223,829,3,21903
1579,190,853,4,23622
1580,208,649,2,15012
1581,6,2,3,143
1582,36,46,3,1825
1583,177,1450,6,28755
1584,129,863,8,22792
1585,189,490,2,13644
1586,186,368,3,12682
1587,1,0,1,3
1588,97,169,2,4680
1589,140,360,3,11802
1590,83,139,4,6346
1591,101,207,3,6699
1592,35,40,3,1775
1593,71,98,3,3718
1594,65,108,3,3799
1595,156,1167,10,30674
1596,19,12,3,624
1597,163,399,2,13080
1598,92,163,2,4995
1599,63,138,2,2921
1600,135,955,7,23035
1601,177,619,4,14555
1602,103,263,3,7866
1603,125,310,2,7530
1604,193,434,4,16254
1605,9,7,4,304
1606,76,647,6,8415
1607,169,388,2,11187
1608,54,174,7,5995
1609,191,400,2,12256
1610,17,13,2,455
1611,105,350,3,7174
1612,73,337,5,6468
1613,223,550,2,14751
1614,67,446,7,8775
1615,213,1251,6,37149
1616,147,667,8,24485
1617,101,224,4,7714
1618,193,392,2,13932
1619,213,3134,15,74298
1620,177,429,2,12780
1621,18,10,4,666
1622,237,527,2,16625
1623,132,509,3,13250
1624,85,478,5,8037
1625,24,21,2,784
1626,156,466,3,12207
1627,239,877,3,21555
1628,192,2686,7,45045
1629,44,93,2,2225
1630,150,2180,17,52976
1631,112,184,2,7200
1632,78,121,2,4396
1633,148,3204,17,42471
1634,178,706,7,29631
1635,132,278,3,8215
1636,116,257,2,6524
1637,40,60,5,2430
1638,131,283,3,8416
1639,223,571,2,15198
1640,226,575,3,21744
1641,95,1609,6,12797
1642,209,486,2,15503
1643,159,351,3,11165
1644,138,997,14,32686
1645,102,152,2,5535
1646,121,1164,12,29403
1647,24,24,4,980
1648,201,645,3,18135
1649,1,0,1,3
1650,79,313,11,13197
1651,122,295,2,8330
1652,90,264,5,7783
1653,232,502,2,19065
1654,13,9,5,540
1655,100,271,5,10653
1656,63,158,6,5334
1657,109,209,2,7008
1658,141,598,6,16131
1659,18,18,4,851
1660,91,405,5,11163
1661,165,1159,6,28135
1662,180,375,3,12635
1663,152,1112,5,25315
1664,74,193,4,5662
1665,49,66,2,2277
1666,12,7,3,350
1667,118,331,2,10428
1668,186,573,3,14920
1669,133,366,3,9345
1670,104,749,8,21945
1671,134,626,3,14257
1672,194,410,2,12837
1673,24,20,4,1274
1674,31,41,6,1764
1675,190,1134,4,22479
1676,108,1168,12,25606
1677,118,267,3,10428
1678,128,295,3,8995
1679,142,640,6,21090
1680,146,437,5,15236
1681,162,1493,7,30225
1682,124,283,2,6972
1683,136,462,5,17472
1684,155,471,4,13684
1685,156,772,4,19719
1686,134,344,2,8877
1687,179,387,3,11129
1688,5,1,2,77
1689,202,1644,8,44145
1690,155,1542,9,30789
1691,159,981,3,17864
1692,83,126,2,5177
1693,136,272,2,8736
1694,176,566,2,14120
1695,8,5,3,221
1696,189,1928,7,40174
1697,32,34,3,1430
1698,31,34,3,1575
1699,221,666,4,21707
1700,221,1515,5,33225
1701,209,542,2,15503
1702,84,201,3,7267
1703,126,266,3,8096
1704,161,500,3,14535
1705,102,242,2,6765
1706,44,173,10,5785
1707,224,622,2,14368
1708,86,152,3,7439
1709,66,114,2,3857
1710,165,393,2,11254
1711,95,214,3,5921
1712,229,696,3,16983
1713,185,2073,8,44149
1714,197,904,5,27650
1715,202,420,2,15390
1716,12,8,2,275
1717,26,52,5,1590
1718,224,685,2,17960
1719,150,1284,7,27391
1720,36,42,2,1460
1721,40,58,4,2106
1722,220,562,2,15876
1723,158,906,5,21239
1724,36,33,2,1533
1725,194,520,2,13615
1726,97,487,6,14430
1727,208,1113,5,26271
1728,103,249,4,9315
1729,20,17,2,574
1730,19,21,4,702
1731,133,1016,7,20826
1732,113,406,3,10669
1733,50,126,2,2525
1734,73,106,2,3675
1735,212,476,2,13600
1736,121,326,2,8748
1737,206,536,4,17759
1738,170,841,7,27280
1739,228,543,2,15538
1740,150,1078,8,27692
1741,192,526,2,15400
1742,216,539,2,17753
1743,153,381,2,12280
1744,220,1767,7,46746
1745,85,121,2,5130
1746,141,316,3,11037
1747,169,375,2,10509
1748,197,437,2,13430
1749,58,77,2,2808
1750,50,148,8,4848
1751,12,9,3,400
1752,178,439,2,12495
1753,114,441,5,14427
1754,15,12,3,620
1755,127,319,2,8415
1756,125,302,2,8283
1757,110,883,11,22321
1758,191,546,3,14171
1759,135,264,3,10298
1760,118,251,2,6873
1761,241,1797,7,50232
1762,185,423,3,16695
1763,228,568,2,18280
1764,79,171,4,4929
1765,53,63,3,3424
1766,172,865,6,21390
1767,34,42,4,1794
1768,221,2470,8,56261
1769,169,375,3,10509
1770,110,368,5,10387
1771,193,514,2,15093
1772,127,462,3,10455
1773,88,149,2,4956
1774,210,613,2,18945
1775,198,795,5,23423
1776,98,482,5,9062
1777,15,9,3,496
1778,236,1222,4,27434
1779,228,513,2,17366
1780,28,28,4,1653
1781,131,621,4,14728
1782,70,106,2,3948
1783,205,865,3,17262
1784,25,34,3,1326
1785,140,1634,12,33158
1786,68,349,7,9727
1787,163,1585,8,31392
1788,169,804,3,18306
1789,215,552,2,15947
1790,137,268,2,10725
1791,154,375,2,9270
1792,80,419,7,12236
1793,60,161,3,5687
1794,107,273,2,7525
1795,185,459,2,12614
1796,207,1107,6,29880
1797,52,74,2,2205
1798,103,359,2,8487
1799,65,154,4,4978
1800,155,526,2,14306
1801,80,442,10,11431
1802,84,180,3,4901
1803,25,37,6,1377
1804,174,430,3,11168
1805,30,39,5,1891
1806,202,672,3,21060
1807,174,922,6,27920
1808,245,1252,4,33879
1809,172,1000,9,34500
1810,150,909,7,23478
1811,131,292,3,11835
1812,146,341,4,14357
1813,199,528,3,16758
1814,12,9,2,300
1815,210,484,2,14735
1816,148,369,2,10098
1817,97,232,3,7410
1818,212,3307,8,48875
1819,138,302,4,10526
1820,49,67,4,3069
1821,223,734,3,21903
1822,187,441,3,18375
1823,127,515,7,20400
1824,9,7,3,228
1825,190,432,2,11811
1826,152,230,2,10065
1827,233,571,2,14944
1828,211,1375,4,28341
1829,183,820,6,26791
1830,148,1175,12,33561
1831,124,288,2,6972
1832,195,1429,8,42228
1833,68,127,3,3014
1834,193,927,6,26703
1835,214,494,3,16302
1836,88,667,7,12567
1837,123,357,3,9633
1838,75,115,3,5134
1839,21,20,4,903
1840,138,356,4,13019
1841,70,105,2,4230
1842,168,419,2,10784
1843,128,562,6,14392
1844,138,597,2,8864
1845,14,10,4,638
1846,5,2,3,77
1847,12,10,4,425
1848,72,173,6,6525
1849,104,214,3,6688
1850,1,0,1,3
1851,73,138,3,5439
1852,109,209,3,5913
1853,65,98,2,3144
1854,108,230,3,7378
1855,111,192,2,6244
1856,27,27,4,1485
1857,141,437,4,12452
1858,8,4,4,204
1859,181,373,3,12342
1860,187,1801,6,30750
1861,1,0,1,3
1862,98,189,2,6501
1863,126,2193,15,42504
1864,159,596,3,16588
1865,148,372,2,10395
1866,214,1730,8,48048
1867,26,20,4,954
1868,198,520,3,15483
1869,46,87,4,3162
1870,183,786,4,20552
1871,249,1209,2,21956
1872,240,2030,6,44252
1873,83,140,3,4008
1874,163,628,2,11445
1875,246,3208,9,64090
1876,26,26,2,1272
1877,73,191,5,6468
1878,173,1015,9,25678
1879,168,611,5,21905
1880,173,2232,6,39211
1881,111,228,2,7359
1882,175,472,3,13689
1883,122,395,4,14700
1884,228,517,2,14624
1885,229,537,2,17442
1886,30,25,2,976
1887,69,135,2,4448
1888,37,46,3,1800
1889,137,1550,11,31625
1890,66,113,2,3724
1891,162,360,2,10725
1892,150,469,2,10535
1893,145,364,3,9312
1894,137,299,3,9900
1895,16,18,3,528
1896,24,34,8,1715
1897,78,118,4,5338
1898,217,2245,13,60465
1899,116,1402,7,22135
1900,132,312,2,8480
1901,153,289,3,11973
1902,15,13,4,899
1903,127,481,5,14790
1904,179,429,3,14360
1905,68,102,2,3014
1906,79,110,2,3816
1907,224,592,3,16164
1908,182,1252,6,33945
1909,202,603,2,14175
1910,93,155,2,5610
1911,121,318,2,7533
1912,12,10,4,425
1913,101,339,3,10150
1914,207,934,5,26560
1915,166,797,6,28305
1916,98,142,2,6501
1917,87,219,4,6475
1918,80,158,4,5474
1919,162,936,7,24375
1920,155,558,4,15861
1921,138,375,3,10803
1922,89,255,4,9666
1923,153,416,3,10745
1924,173,377,3,10063
1925,166,652,3,15984
1926,42,45,2,1700
1927,113,281,4,9534
1928,148,468,2,10692
1929,240,1822,7,47138
1930,120,255,2,7712
1931,14,10,2,522
1932,50,79,4,3636
1933,30,38,3,1647
1934,78,226,4,8007
1935,40,63,2,1782
1936,210,1254,4,25260
1937,174,652,3,14658
1938,10,7,3,252
1939,128,597,5,21845
1940,110,222,3,6630
1941,68,95,3,4110
1942,84,135,3,5746
1943,57,65,2,2415
1944,170,456,3,15686
1945,60,81,2,2904
1946,45,75,3,2457
1947,214,544,3,18018
1948,173,522,2,13533
1949,204,464,2,13906
1950,21,17,3,774
1951,20,38,6,1107
1952,52,561,6,5145
1953,189,1020,4,31457
1954,51,169,7,5356
1955,184,673,4,15129
1956,114,252,3,9389
1957,73,160,3,4998
1958,37,47,4,2175
1959,234,2273,5,39396
1960,213,1122,5,28609
1961,193,411,2,11223
1962,102,177,3,7585
1963,241,2268,12,64722
1964,173,425,4,15962
1965,236,1513,5,35948
1966,47,62,2,2470
1967,197,1114,3,29625
1968,220,828,4,24255
1969,120,327,4,12050
1970,155,320,2,10885
1971,1,0,1,3
1972,213,414,2,13664
1973,125,282,2,7781
1974,69,124,4,4448
1975,143,879,5,22386
1976,51,218,9,7416
1977,139,841,9,22599
1978,189,929,5,26909
1979,125,288,3,9036
1980,85,150,3,5643
1981,220,482,2,12348
1982,205,1626,10,47676
1983,176,415,2,11649
1984,204,492,3,13497
1985,21,18,4,860
1986,158,379,3,10461
1987,17,19,7,910
1988,22,30,4,1080
1989,13,9,2,270
1990,153,666,4,18420
1991,10,6,4,294
1992,68,86,3,3425
1993,221,835,3,21264
1994,229,1053,4,27540
1995,46,65,2,1860
1996,12,7,4,450
1997,233,670,2,17746
1998,22,22,3,900
1999,194,527,2,14393
2000,58,80,2,2691
2001,29,31,3,1062
2002,38,50,2,1540
2003,167,585,3,16415
2004,85,172,2,4275
2005,23,16,3,1034
2006,220,1907,8,55566
2007,168,314,4,13143
2008,224,593,2,15715
2009,176,1892,13,47302
2010,196,2448,11,52269
2011,67,103,2,3375
2012,51,63,2,2163
2013,134,1376,9,25017
2014,1,0,1,3
2015,132,466,5,17490
2016,51,131,4,4223
2017,107,561,7,16555
2018,179,905,5,28361
2019,178,623,5,21063
2020,104,495,7,14212
2021,121,1160,5,18225
2022,229,611,3,17901
2023,162,636,5,18850
2024,70,86,3,3948
2025,85,111,3,4275
2026,210,2915,12,65676
2027,67,111,2,3645
2028,192,795,4,23870
2029,228,818,3,26049
2030,195,1409,6,35190
2031,51,130,6,4017
2032,26,31,3,1219
2033,224,496,2,17511
2034,94,516,10,19656
2035,121,301,3,7533
2036,134,366,3,11298
2037,208,667,4,22101
2038,78,156,2,4396
2039,146,549,5,19338
2040,88,364,2,4956
2041,165,494,3,15557
2042,155,333,2,8708
2043,221,875,5,30567
2044,177,913,4,20590
2045,225,1319,4,32923
2046,96,144,2,5597
2047,72,139,4,5365
2048,159,327,2,11165
2049,65,122,3,4847
2050,131,242,3,9994
2051,44,119,5,3382
2052,126,412,2,9614
2053,37,53,5,2325
2054,115,318,4,9933
2055,29,27,3,1357
2056,126,321,4,12144
2057,148,328,3,9801
2058,224,815,2,16613
2059,228,586,3,15081
2060,16,45,6,693
2061,171,461,4,15778
2062,45,148,9,5460
2063,150,545,5,21973
2064,34,46,5,2139
2065,195,2997,13,55131
2066,200,685,3,18446
2067,69,438,10,10981
2068,103,357,5,9729
2069,20,36,5,1107
2070,179,2732,9,44516
2071,220,535,3,19845
2072,238,2573,10,65349
2073,82,106,3,4290
2074,178,489,3,15351
2075,168,1360,9,32689
2076,89,270,4,5370
2077,122,526,5,14455
2078,58,105,2,2925
2079,110,298,3,6851
2080,227,915,6,32760
2081,77,135,2,4495
2082,55,88,2,2664
2083,81,162,2,5053
2084,18,10,4,666
2085,142,344,3,11685
2086,152,436,2,10675
2087,194,1363,6,29175
2088,242,1127,5,32980
2089,202,523,2,16200
2090,179,547,3,16514
2091,228,596,2,16909
2092,92,128,2,6290
2093,109,225,2,7446
2094,1,0,1,3
2095,140,504,3,12083
2096,11,7,3,276
2097,188,727,4,19981
2098,184,485,3,12546
2099,136,856,3,15015
2100,18,15,2,518
2101,218,600,2,17043
2102,14,11,2,377
2103,204,511,4,18814
2104,120,438,6,17834
2105,164,326,3,11844
2106,239,1032,2,23471
2107,21,16,3,645
2108,79,132,2,4293
2109,149,1859,17,50531
2110,208,466,2,15429
2111,151,379,3,10605
2112,41,130,8,4399
2113,213,722,3,20923
2114,103,332,3,9315
2115,27,52,4,1430
2116,187,700,4,22875
2117,216,2038,7,41568
2118,36,69,6,3285
2119,43,57,2,2175
2120,23,22,2,846
2121,174,2258,13,46417
2122,226,1921,5,39411
2123,44,58,4,2314
2124,228,671,2,18737
2125,173,3337,7,34700
2126,162,411,3,13325
2127,202,469,2,13770
2128,232,648,3,19065
2129,187,503,2,12375
2130,133,280,2,7476
2131,84,534,12,14365
2132,122,223,2,7105
2133,135,346,4,11924
2134,28,23,3,969
2135,12,7,4,350
2136,52,83,4,4200
2137,246,1031,6,37961
2138,113,255,2,7491
2139,141,201,2,7924
2140,112,238,2,6075
2141,49,55,3,2475
2142,217,601,3,22185
2143,239,1433,4,32572
2144,143,371,4,14637
2145,116,243,3,6990
2146,123,337,3,9386
2147,162,553,3,15925
2148,167,525,3,17755
2149,91,244,4,7503
2150,33,39,3,1809
2151,46,76,5,3441
2152,197,702,3,17775
2153,158,597,2,12997
2154,57,190,4,4600
2155,144,349,2,11271
2156,187,722,4,22125
2157,211,586,2,18189
2158,213,462,2,14945
2159,134,238,3,10491
2160,157,377,2,9765
2161,86,170,2,6228
2162,208,1020,5,25854
2163,100,532,7,14874
2164,126,389,4,10373
2165,62,298,9,9250
2166,116,271,3,8621
2167,95,212,3,8404
2168,93,450,3,8789
2169,234,650,3,18760
2170,48,56,2,1940
2171,29,35,3,826
2172,34,56,4,2208
2173,148,296,2,10098
2174,53,71,3,3210
2175,187,1791,12,47250
2176,7,4,3,150
2177,212,424,2,14450
2178,103,275,3,8901
2179,208,769,4,20433
2180,74,369,7,8791
2181,198,526,2,13498
2182,75,170,2,4228
2183,45,40,3,2821
2184,209,1322,9,47766
2185,30,47,4,1464
2186,19,18,3,819
2187,19,26,7,1326
2188,81,111,2,4727
2189,56,93,3,3164
2190,101,227,3,5684
2191,34,30,3,1380
2192,219,648,4,24584
2193,98,239,3,7289
2194,79,134,3,4770
2195,47,60,2,2090
2196,132,290,3,10070
2197,57,76,6,6325
2198,109,234,2,5694
2199,47,115,4,4085
2200,104,313,3,8778
2201,136,272,4,11739
2202,35,77,7,3053
2203,198,422,2,15086
2204,61,236,7,7134
2205,85,140,2,5130
2206,28,52,4,2109
2207,165,439,2,10592
2208,146,361,3,12306
2209,114,668,8,19465
2210,232,845,4,26505
2211,64,198,5,5547
2212,203,499,4,19129
2213,35,38,2,1349
2214,111,235,2,6913
2215,212,591,3,16575
2216,184,695,3,21033
2217,61,74,2,2706
2218,49,83,4,3564
2219,53,133,6,4601
2220,111,186,3,7582
2221,230,1983,6,40568
2222,217,918,3,23490
2223,56,88,3,3503
2224,37,112,2,1875
2225,43,46,3,2262
2226,90,171,3,5611
2227,174,706,3,20940
2228,157,1466,12,39690
2229,119,224,3,10755
2230,76,158,4,5355
2231,180,1208,4,23826
2232,51,68,3,2369
2233,199,449,2,11970
2234,35,70,6,2769
2235,227,579,2,16380
2236,52,71,3,3780
2237,191,402,2,11490
2238,1,0,1,3
2239,116,1122,12,26795
2240,129,262,3,8029
2241,143,437,5,13776
2242,121,264,2,8019
2243,32,42,2,1430
2244,161,962,9,25517
2245,60,90,3,3388
2246,214,536,5,27885
2247,84,209,4,8112
2248,108,348,5,11718
2249,126,337,3,9108
2250,167,1146,9,33165
2251,38,59,2,1925
2252,163,498,5,19620
2253,92,500,8,12580
2254,16,11,3,660
2255,89,165,2,5191
2256,147,557,4,13275
2257,155,912,5,21459
2258,155,451,3,14928
2259,28,32,4,1368
2260,62,101,5,5500
2261,186,504,3,13801
2262,205,539,2,13152
2263,60,217,7,6171
2264,53,141,3,3103
2265,166,481,2,12654
2266,42,94,8,3995
2267,85,170,3,4617
2268,156,737,7,24101
2269,193,564,3,15867
2270,152,376,3,8845
2271,180,644,2,14440
2272,59,118,2,3689
2273,20,16,4,697
2274,91,196,3,5856
2275,196,629,4,22008
2276,207,684,3,22825
2277,219,475,2,14487
2278,149,843,11,26611
2279,110,213,2,7735
2280,121,1116,9,25758
2281,71,116,2,4004
2282,116,309,4,9087
2283,94,164,2,5292
2284,29,27,3,1239
2285,50,83,3,2424
2286,121,239,2,7776
2287,197,460,3,18170
2288,50,113,7,5353
2289,59,109,5,5236
2290,29,35,3,1180
2291,161,361,3,13889
2292,55,103,2,2664
2293,196,687,2,15720
2294,57,118,3,3565
2295,18,14,3,777
2296,173,511,2,11451
2297,110,192,3,7072
2298,46,40,2,1767
2299,28,21,2,855
2300,15,11,3,465
2301,44,40,3,1780
2302,9,8,7,513
2303,18,15,4,666
2304,243,1039,4,24837
2305,167,397,3,13400
2306,211,567,2,14382
2307,224,631,2,15715
2308,80,304,5,8855
2309,191,474,4,14171
2310,57,187,3,4715
2311,211,844,5,25803
2312,254,1006,3,26977
2313,168,369,2,11121
2314,193,1532,7,36765
2315,154,1063,6,24102
2316,137,305,2,7700
2317,190,952,5,21336
2318,1,0,1,3
2319,104,312,5,11495
2320,23,21,2,752
2321,1,0,1,3
2322,49,93,6,4455
2323,113,270,2,7945
2324,163,985,5,24198
2325,102,182,2,7175
2326,74,538,11,13261
2327,158,564,3,11412
2328,200,377,2,13634
2329,42,47,2,1615
2330,122,479,8,16415
2331,42,42,2,1700
2332,34,78,4,2277
2333,220,544,2,14112
2334,100,186,2,5628
2335,196,1058,5,31440
2336,31,90,10,3654
2337,60,230,9,8107
2338,88,353,6,10797
2339,235,528,3,21666
2340,152,460,4,17080
2341,50,87,4,3939
2342,47,75,5,3135
2343,143,504,5,18368
2344,81,155,2,4238
2345,122,1253,16,35525
2346,77,124,4,5270
2347,189,1198,2,18571
2348,93,233,4,8976
2349,48,76,4,2522
2350,47,66,3,2660
2351,149,521,3,13754
2352,246,1087,5,30073
2353,89,159,3,7160
2354,162,393,2,10075
2355,144,320,2,8670
2356,116,385,6,13514
2357,131,713,5,13939
2358,21,26,7,1505
2359,44,83,5,3471
2360,52,125,6,4725
2361,129,339,3,13727
2362,84,211,3,6760
2363,114,330,3,7786
2364,1,0,1,3
2365,207,654,3,20335
2366,165,1255,7,29459
2367,78,162,4,6437
2368,0,0,1,3
2369,14,12,2,406
2370,19,18,4,975
2371,186,487,2,12309
2372,50,261,10,8282
2373,136,222,2,7644
2374,105,368,8,14559
2375,125,278,3,7028
2376,199,391,3,17157
2377,1,0,1,3
2378,92,373,7,12765
2379,131,428,7,18673
2380,196,587,4,18078
2381,147,793,5,25370
2382,221,674,3,16391
2383,81,135,2,5053
2384,63,277,9,8890
2385,142,421,3,13110
2386,74,404,6,7599
2387,117,235,4,9635
2388,12,10,4,375
2389,135,372,4,11653
2390,237,893,2,19475
2391,100,356,5,11055
2392,221,2138,11,58033
2393,101,178,2,6090
2394,26,41,7,1802
2395,205,437,2,13563
2396,233,546,2,14010
2397,32,33,4,1430
2398,24,20,4,1127
2399,79,305,4,9699
2400,74,229,5,8940
2401,166,622,3,14319
2402,166,423,2,11322
2403,226,670,3,18573
2404,128,224,2,10023
2405,116,1477,5,17941
2406,196,664,4,18471
2407,49,64,2,2673
2408,17,23,6,875
2409,120,242,3,6989
2410,90,507,6,12851
2411,148,251,3,11880
2412,199,5049,28,104538
2413,33,52,3,1675
2414,9,7,4,285
2415,176,3292,16,60010
2416,81,141,2,4727
2417,105,329,5,10761
2418,164,706,4,20398
2419,234,1969,8,53466
2420,79,377,6,8109
2421,197,518,2,15800
2422,56,91,2,2712
2423,184,1128,6,26937
2424,231,456,3,23613
2425,115,196,2,7161
2426,101,158,2,6496
2427,141,474,7,20376
2428,208,521,2,15429
2429,148,273,2,10692
2430,165,601,2,15226
2431,53,148,4,3959
2432,191,447,2,12639
2433,135,242,3,6775
2434,21,13,2,688
2435,191,488,2,13788
2436,178,399,2,11781
2437,20,28,4,984
2438,79,109,3,4770
2439,203,938,6,28897
2440,184,795,3,21771
2441,64,152,5,6321
2442,126,233,3,9614
2443,192,486,3,16170
2444,81,197,3,6846
2445,91,159,3,6039
2446,64,104,2,3870
2447,222,502,4,17800
2448,27,41,4,1430
2449,117,252,3,7050
2450,102,1733,3,8200
2451,174,397,2,13262
2452,199,1946,10,43092
2453,46,51,3,2604
2454,21,21,2,688
2455,30,30,4,1342
2456,114,459,5,16030
2457,33,65,6,2680
2458,181,2408,8,35574
2459,49,84,3,3168
2460,80,140,4,4508
2461,29,30,2,1180
2462,46,63,3,2511
2463,161,804,5,20026
2464,227,604,3,18200
2465,111,252,4,9812
2466,73,131,5,5880
2467,32,41,5,1755
2468,131,260,2,7890
2469,29,28,2,1062
2470,227,1426,5,38675
2471,91,301,6,10980
2472,125,377,4,11797
2473,27,30,3,1540
2474,39,75,3,1817
2475,218,3442,18,79534
2476,93,145,2,5236
2477,105,575,11,17724
2478,104,218,3,6688
2479,17,12,4,595
2480,64,312,3,5547
2481,250,1979,7,47094
2482,247,643,2,20295
2483,24,28,3,931
2484,102,201,2,5535
2485,174,402,2,11866
2486,106,260,2,6603
2487,205,844,4,25893
2488,154,522,3,14523
2489,73,267,9,10143
2490,236,1683,6,36894
2491,210,554,2,15156
2492,217,715,2,18705
2493,12,21,8,850
2494,59,81,4,3689
2495,126,213,2,7843
2496,49,66,3,2772
2497,167,543,2,14740
2498,168,1591,13,46843
2499,222,464,2,17355
2500,129,317,3,9583
2501,226,2922,11,68403
2502,96,324,3,9264
2503,113,229,2,6583
2504,168,922,4,21905
2505,142,815,9,22515
2506,210,570,4,15998
2507,91,312,5,7503
2508,152,408,4,15555
2509,104,730,8,18392
2510,1,0,1,3
2511,86,189,3,5536
2512,200,435,3,12832
2513,19,20,5,1053
2514,22,26,7,1575
2515,219,951,4,21950
2516,68,112,2,3699
2517,117,242,3,9635
2518,154,430,4,15141
2519,113,1672,16,32915
2520,239,557,2,20118
2521,193,407,2,12771
2522,110,276,2,7293
2523,142,1669,14,40470
2524,138,327,2,9141
2525,204,532,3,15542
2526,14,8,5,638
2527,40,61,3,2106
2528,92,310,7,10175
2529,176,368,2,12708
2530,56,127,3,3503
2531,234,541,2,18291
2532,139,313,3,8649
2533,71,135,4,5577
2534,129,244,2,7511
2535,85,151,2,4275
2536,83,160,2,5177
2537,36,93,5,2336
2538,35,45,6,1988
2539,214,781,3,18876
2540,112,296,2,6750
2541,66,124,2,3591
2542,180,1586,11,45486
2543,87,158,2,5600
2544,188,565,2,15834
2545,88,124,3,4602
2546,24,28,3,980
2547,196,662,3,19257
2548,78,128,2,3925
2549,47,140,6,4655
2550,130,260,2,8613
2551,228,841,2,19194
2552,105,220,2,6752
2553,185,583,3,12614
2554,12,13,4,375
2555,166,964,8,30636
2556,112,241,4,10125
2557,100,205,2,5427
2558,194,832,4,21784
2559,45,57,4,2639
2560,156,406,2,10642
2561,183,497,3,12478
2562,41,157,9,3901
2563,197,990,7,34760
2564,199,792,2,19551
2565,136,281,2,7644
2566,216,499,2,13856
2567,112,314,3,8100
2568,258,844,3,27401
2569,27,37,5,1815
2570,227,2613,7,52325
2571,47,58,2,2185
2572,104,263,2,6688
2573,94,205,4,7938
2574,209,748,5,17179
2575,82,444,7,8580
2576,60,75,3,3388
2577,40,274,6,2754
2578,220,769,2,17199
2579,161,304,2,8721
2580,165,365,2,9268
2581,61,184,4,4674
2582,15,11,2,465
2583,245,3016,12,72668
2584,165,747,5,21515
2585,216,1233,4,23815
2586,29,92,9,2655
2587,189,421,2,11749
2588,208,711,4,22935
2589,203,458,2,15059
2590,112,309,5,11025
2591,34,46,5,2070
2592,226,622,3,18573
2593,111,275,2,6467
2594,110,252,3,8619
2595,188,621,3,16588
2596,150,416,3,11438
2597,129,569,7,18130
2598,202,2109,9,40500
2599,98,131,2,5122
2600,151,461,3,13029
2601,120,180,2,6989
2602,193,581,3,14706
2603,230,659,2,16596
2604,156,914,4,17841
2605,122,277,3,8085
2606,176,520,3,17297
2607,189,496,3,14402
2608,77,124,2,4185
2609,56,95,2,2938
2610,93,190,4,8041
2611,1,0,1,3
2612,155,528,3,13062
2613,178,2091,8,42840
2614,141,365,2,9056
2615,162,305,2,9750
2616,43,40,2,1740
2617,166,371,2,9324
2618,74,323,6,7748
2619,195,2090,7,39491
2620,216,4257,20,88332
2621,161,2011,7,38114
2622,103,951,14,24012
2623,181,1234,6,27225
2624,43,86,5,2697
2625,22,17,2,720
2626,192,1777,8,42735
2627,87,139,2,4725
2628,141,496,4,14150
2629,239,546,2,14370
2630,176,451,2,12002
2631,157,382,3,13860
2632,102,222,2,7175
2633,197,794,3,17775
2634,1,1,1,3
2635,92,227,4,9065
2636,138,237,3,9695
2637,60,137,5,4356
2638,70,333,5,7755
2639,89,323,3,5549
2640,12,8,4,350
2641,164,1179,4,21385
2642,211,774,2,18612
2643,142,416,3,11685
2644,145,490,3,11640
2645,127,290,3,8160
2646,115,521,5,18480
2647,201,654,2,18135
2648,184,790,4,24354
2649,175,642,2,12636
2650,187,867,5,24000
2651,39,167,7,5372
2652,227,633,3,23205
2653,153,683,3,16271
2654,250,1900,9,58617
2655,49,66,3,2277
2656,188,432,2,11310
2657,39,47,3,2607
2658,100,662,10,18291
2659,31,46,3,1764
2660,88,190,2,4956
2661,52,150,7,5565
2662,93,243,3,6732
2663,202,751,3,18630
2664,56,99,3,2712
2665,61,110,3,4182
2666,55,76,2,2886
2667,26,55,6,1855
2668,149,450,5,15548
2669,40,80,2,1944
2670,208,569,2,13761
2671,124,794,9,20667
2672,60,652,6,5082
2673,199,658,6,25536
2674,44,79,2,2492
2675,159,419,2,10846
2676,63,88,3,3302
2677,127,649,7,20400
2678,97,151,2,5265
2679,133,324,5,14418
2680,128,228,2,7453
2681,214,688,3,17589
2682,142,1565,7,25080
2683,220,1433,4,31752
2684,186,439,3,13055
2685,151,425,3,12120
2686,154,331,2,10197
2687,134,318,2,8339
2688,153,1516,8,27937
2689,80,153,3,7728
2690,40,41,3,1458
2691,72,112,2,3770
2692,144,1428,10,32368
2693,97,260,3,8385
2694,50,106,3,3232
2695,226,1726,4,41223
2696,108,223,3,6076
2697,53,109,2,2782
2698,101,382,7,13804
2699,177,579,2,11360
2700,235,1010,3,28260
2701,115,318,2,6699
2702,136,405,3,10374
2703,157,519,3,11025
2704,227,2147,12,61425
2705,227,714,3,17290
2706,64,232,5,6966
2707,132,346,2,7155
2708,70,137,2,3666
2709,63,131,5,4572
2710,92,195,2,6475
2711,94,193,2,5670
2712,28,74,9,2337
2713,84,176,3,4394
2714,30,29,2,1464
2715,174,539,4,16403
2716,131,1805,13,32612
2717,27,40,6,1815
2718,39,45,3,1975
2719,6,2,3,104
2720,25,52,5,1734
2721,95,332,4,9932
2722,115,274,2,6930
2723,170,1142,5,26257
2724,123,313,4,12103
2725,156,752,5,20345
2726,50,169,8,5858
2727,73,123,3,4263
2728,129,459,5,13209
2729,1,1,1,3
2730,152,412,2,12505
2731,228,1222,3,24678
2732,193,681,4,15867
2733,234,535,3,17822
2734,125,174,2,8032
2735,55,102,4,3663
2736,152,712,5,15860
2737,61,100,2,2952
2738,46,93,6,4092
2739,206,1641,6,31388
2740,104,485,4,10241
2741,170,962,6,31713
2742,56,78,3,4520
2743,109,537,6,14235
2744,1,0,1,3
2745,73,108,2,3381
2746,216,1199,3,20351
2747,12,11,4,500
2748,59,74,4,3808
2749,50,65,3,2626
2750,238,1494,4,30528
2751,203,748,4,20757
2752,27,49,7,1760
2753,221,1630,6,41642
2754,172,386,2,12420
2755,193,550,3,12771
2756,208,534,3,16680
2757,93,287,5,8415
2758,77,139,2,3410
2759,36,38,2,1314
2760,115,340,2,7623
2761,183,574,2,15047
2762,207,481,3,21995
2763,137,1272,9,29975
2764,37,46,3,2025
2765,214,570,2,14586
2766,1,0,1,3
2767,80,169,4,6601
2768,126,306,3,10120
2769,111,254,7,12265
2770,152,302,2,9760
2771,36,49,2,1533
2772,86,770,4,7612
2773,252,6452,20,103525
2774,100,501,7,17487
2775,117,365,4,9165
2776,225,465,2,17138
2777,56,135,6,5198
2778,169,391,2,10509
2779,89,211,2,5370
2780,87,215,4,7875
2781,60,96,2,3146
2782,141,403,4,11037
2783,66,195,4,5320
2784,18,18,3,666
2785,64,384,11,9159
2786,221,570,2,14176
2787,137,364,3,10175
2788,241,924,3,20769
2789,163,403,2,11118
2790,27,28,2,770
2791,210,683,2,18103
2792,24,40,3,980
2793,45,113,4,4277
2794,109,325,3,10293
2795,118,303,4,12324
2796,99,220,2,5771
2797,112,322,6,13725
2798,75,239,7,6946
2799,119,480,2,7648
2800,114,225,2,7786
2801,246,580,2,16269
2802,11,8,7,575
2803,159,850,5,18502
2804,196,540,2,13755
2805,124,269,3,9462
2806,102,352,5,11890
2807,94,142,2,4536
2808,160,901,5,24075
2809,212,509,2,14025
2810,49,68,4,3960
2811,36,54,4,2190
2812,72,107,3,3770
2813,150,1228,10,28595
2814,20,17,5,779
2815,149,404,2,9568
2816,205,944,4,25071
2817,1,0,1,3
2818,34,35,2,1173
2819,29,26,4,1121
2820,90,187,2,4887
2821,37,63,3,2175
2822,133,249,2,8277
2823,236,1467,4,40678
2824,79,161,4,5883
2825,52,87,2,2310
2826,66,116,2,3059
2827,108,208,2,5859
2828,133,265,3,8277
2829,54,111,2,3052
2830,202,1887,9,37260
2831,104,174,2,6479
2832,131,281,2,7890
2833,195,1589,6,38318
2834,247,1088,4,32670
2835,181,652,4,17787
2836,46,78,6,2976
2837,147,675,5,21240
2838,128,247,2,7710
2839,83,171,2,4175
2840,109,263,3,7884
2841,34,77,7,3312
2842,1,0,1,3
2843,206,479,2,16520
2844,147,359,2,9145
2845,192,433,2,13475
2846,49,80,3,2673
2847,37,61,5,2550
2848,25,24,2,816
2849,117,368,2,7755
2850,15,13,5,589
2851,218,960,4,24035
2852,154,1996,15,42951
2853,127,226,3,8160
2854,247,770,4,24255
2855,161,406,2,10336
2856,51,90,3,2472
2857,216,568,3,16021
2858,159,391,2,9570
2859,202,1975,7,40905
2860,123,454,3,10127
2861,133,519,2,11481
2862,114,261,3,8931
2863,169,399,3,9492
2864,79,383,10,12243
2865,230,1145,4,23511
2866,200,1038,4,22055
2867,54,108,5,3379
2868,87,145,3,6125
2869,204,422,2,14315
2870,96,131,3,5790
2871,184,542,4,17343
2872,88,161,2,4425
2873,14,11,4,464
2874,77,162,3,4340
2875,33,39,2,1407
2876,105,473,6,12871
2877,155,380,2,10263
2878,97,255,5,8190
2879,37,36,2,2025
2880,170,674,4,17391
2881,234,710,2,16415
2882,14,9,4,377
2883,145,280,2,8730
2884,222,1249,7,50730
2885,143,377,2,10045
2886,125,490,7,19076
2887,94,140,2,5670
2888,174,2330,11,50605
2889,128,379,5,10537
2890,173,380,4,14227
2891,201,529,3,20150
2892,191,1225,4,24129
2893,58,103,2,2457
2894,165,965,6,26811
2895,13,10,5,621
2896,143,284,2,9758
2897,41,45,2,1494
2898,43,54,4,2697
2899,202,1253,7,33615
2900,99,877,7,16915
2901,10,9,4,546
2902,180,992,6,28519
2903,119,203,2,8365
2904,105,502,7,15403
2905,189,481,2,13644
2906,200,2160,5,41704
2907,107,568,7,17630
2908,12,8,2,250
2909,194,1259,5,31120
2910,97,321,5,8775
2911,27,23,3,1210
2912,117,1177,15,31490
2913,161,508,2,10013
2914,104,218,2,6897
2915,161,503,3,17119
2916,46,64,4,3348
2917,60,150,4,4719
2918,155,1075,5,25191
2919,184,1113,6,24354
2920,229,561,2,16524
2921,147,444,4,14160
2922,161,1000,6,24548
2923,86,363,6,10553
2924,191,1263,7,34853
2925,195,2494,12,52003
2926,219,607,2,17121
2927,139,286,2,8370
2928,36,65,5,2263
2929,34,82,7,3105
2930,203,1518,4,31746
2931,1,0,1,3
2932,211,852,3,25380
2933,108,328,4,8680
2934,165,1683,8,33431
2935,21,21,5,860
2936,47,104,3,3135
2937,34,35,2,1518
2938,214,540,2,13728
2939,60,49,3,3630
2940,28,61,3,1710
2941,183,1355,7,27525
2942,110,237,2,5746
2943,29,58,3,1121
2944,1,0,1,3
2945,126,540,5,13409
2946,225,810,2,23452
2947,96,271,2,5018
2948,84,184,2,4732
2949,120,616,3,15183
2950,37,34,3,1725
2951,85,195,4,6840
2952,29,34,2,1003
2953,200,567,2,14035
2954,172,433,4,14145
2955,105,231,2,6330
2956,1,1,1,3
2957,15,13,5,651
2958,61,180,8,7257
2959,64,119,2,3354
2960,81,177,2,4075
2961,50,71,3,2424
2962,215,575,2,16378
2963,152,359,2,10675
2964,151,610,4,17877
2965,13,11,3,324
2966,49,83,4,3762
2967,84,397,9,12168
2968,215,485,2,15516
2969,212,1588,5,42075
2970,137,358,2,9625
2971,191,494,2,11490
2972,176,1045,5,27534
2973,161,447,2,12597
2974,196,1082,6,34584
2975,95,837,8,14325
2976,167,326,2,10720
2977,43,84,3,1914
2978,231,570,2,14816
2979,35,58,2,1562
2980,26,30,5,1272
2981,98,190,2,6304
2982,105,247,2,6541
2983,57,126,4,4025
2984,138,1367,10,32132
2985,49,61,4,3168
2986,244,689,2,18093
2987,69,125,2,4031
2988,232,2725,6,49755
2989,150,267,2,8729
2990,86,170,2,5017
2991,219,525,2,15365
2992,211,1341,3,27495
2993,202,1155,3,22275
2994,128,1498,13,31868
2995,132,943,6,19345
2996,97,376,6,12870
2997,87,143,2,4900
2998,92,197,3,6105
2999,30,61,6,2684
3000,1,0,1,3
3001,21,30,5,1204
3002,135,318,3,9756
3003,144,1822,17,45951
3004,33,44,2,1407
3005,165,534,2,11585
3006,180,331,2,12635
3007,206,488,3,14455
3008,204,491,2,13497
3009,228,597,2,15538
3010,17,14,6,875
3011,218,679,2,17043
3012,56,141,7,5198
3013,202,1659,6,34425
3014,170,1768,7,35464
3015,156,378,2,10642
3016,21,21,4,860
3017,230,821,2,18901
3018,14,11,5,754
3019,143,1685,9,26404
3020,125,266,3,7781
3021,233,728,3,22883
3022,217,550,2,15225
3023,156,465,3,13146
3024,71,283,6,8294
3025,149,369,3,9269
3026,152,330,2,9760
3027,20,25,6,1107
3028,45,63,3,3185
3029,95,307,2,5730
3030,98,336,4,11229
3031,58,91,2,2574
3032,106,1167,14,26199
3033,100,580,14,20301
3034,220,1056,6,33075
3035,32,36,4,1885
3036,189,948,2,16297
3037,44,49,2,1869
3038,78,244,4,8164
3039,171,479,2,12348
3040,179,467,3,16155
3041,78,128,4,5809
3042,83,267,5,8851
3043,224,1222,5,32328
3044,34,47,3,1932
3045,238,903,2,16695
3046,16,13,2,396
3047,227,955,4,24570
3048,120,238,2,6989
3049,73,132,3,3528
3050,92,149,2,5920
3051,26,30,3,1113
3052,39,48,2,1501
3053,145,382,2,11349
3054,153,556,3,15043
3055,189,524,3,15160
3056,23,24,6,1316
3057,142,307,2,8550
3058,242,853,3,21825
3059,63,144,5,4826
3060,160,437,3,14766
3061,44,197,5,3560
3062,106,389,3,10863
3063,91,146,3,6039
3064,138,256,3,9972
3065,132,362,3,9540
3066,211,527,2,15228
3067,145,347,2,9312
3068,179,404,3,12924
3069,97,251,2,6435
3070,21,20,4,860
3071,98,677,10,19109
3072,220,1433,6,33957
3073,118,260,3,7584
3074,148,433,2,10989
3075,25,25,3,969
3076,217,619,4,20880
3077,203,816,3,22385
3078,169,899,5,23391
3079,57,173,6,4485
3080,198,496,3,17468
3081,49,83,2,2772
3082,207,1465,9,47310
3083,52,106,6,4200
3084,90,146,3,5068
3085,39,62,3,2607
3086,225,1236,3,28413
3087,112,190,3,6075
3088,126,211,3,7843
3089,43,68,4,3045
3090,131,346,3,9468
3091,112,230,3,6975
3092,15,11,3,496
3093,190,471,2,13716
3094,41,64,4,2822
3095,23,24,4,1222
3096,85,352,8,11457
3097,238,638,2,18126
3098,38,79,3,2002
3099,104,271,3,6897
3100,46,92,6,3348
3101,116,371,3,10252
3102,218,458,2,15295
3103,233,639,5,24751
3104,38,90,3,2233
3105,68,200,4,5343
3106,102,300,4,10865
3107,107,608,4,10965
3108,141,469,6,14150
3109,8,4,3,204
3110,132,369,5,13515
3111,120,210,2,6748
3112,223,4754,20,96552
3113,200,1886,3,27268
3114,166,934,6,24642
3115,148,407,4,14553
3116,118,345,4,12561
3117,215,473,2,13792
3118,82,630,13,17985
3119,102,387,3,9840
3120,179,385,2,11488
3121,60,134,5,4840
3122,24,23,2,833
3123,87,291,4,6650
3124,119,294,2,6453
3125,52,254,6,5460
3126,227,857,4,22295
3127,107,188,3,6020
3128,53,97,2,2568
3129,81,166,3,4238
3130,111,273,3,8474
3131,75,443,6,7852
3132,50,177,8,5555
3133,124,994,5,19671
3134,118,704,3,12798
3135,124,1184,8,28635
3136,41,57,3,2241
3137,177,674,3,19880
3138,60,170,2,3872
3139,49,115,5,3168
3140,242,1297,7,40740
3141,204,529,3,15133
3142,154,382,2,10815
3143,179,1388,8,36618
3144,228,2548,10,56668
3145,152,344,3,9150
3146,235,4467,16,76773
3147,195,425,2,13294
3148,220,554,2,16317
3149,231,2752,11,74080
3150,196,406,3,14934
3151,88,285,8,12213
3152,53,151,3,3959
3153,48,56,2,2134
3154,97,220,2,7605
3155,35,45,2,1420
3156,70,155,5,5781
3157,216,917,3,23382
3158,86,141,2,4671
3159,88,206,4,7611
3160,188,443,2,12441
3161,152,272,2,9760
3162,173,958,4,23943
3163,215,599,2,15085
3164,42,39,2,1955
3165,183,668,3,18350
3166,165,632,2,13240
3167,186,424,3,13801
3168,151,968,5,20604
3169,160,390,2,10593
3170,197,1695,6,39895
3171,5,2,4,99
3172,7,2,3,135
3173,131,455,5,13676
3174,169,399,3,11526
3175,38,43,3,1617
3176,150,927,6,20769
3177,164,2267,14,47047
3178,28,22,4,1026
3179,232,1094,4,26970
3180,239,799,4,23471
3181,113,197,2,7491
3182,205,745,3,20139
3183,107,775,6,13760
3184,236,1123,3,26015
3185,98,191,2,5319
3186,147,358,3,13570
3187,146,362,2,9083
3188,37,59,4,2625
3189,129,882,11,26677
3190,103,276,3,7866
3191,141,497,3,10471
3192,149,1527,8,34086
3193,50,169,8,5151
3194,116,296,3,8155
3195,55,91,3,2442
3196,36,32,2,1314
3197,78,275,5,8007
3198,164,533,3,17437
3199,193,517,3,16641
3200,180,2135,11,43681
3201,223,609,2,16986
3202,126,219,2,7337
3203,70,158,3,4512
3204,167,446,4,14740
3205,175,1127,6,25974
3206,173,372,2,10757
3207,206,523,3,18172
3208,204,444,2,13497
3209,104,296,3,10450
3210,41,46,2,1577
3211,213,872,3,20923
3212,72,246,3,6380
3213,98,233,4,6895
3214,165,482,2,10261
3215,227,864,3,22750
3216,158,795,7,29481
3217,59,88,2,2380
3218,102,287,3,7790
3219,120,599,4,13737
3220,221,828,4,24365
3221,61,181,5,5043
3222,61,153,2,3444
3223,94,222,4,7560
3224,119,933,10,26290
3225,204,1426,6,33538
3226,127,218,2,9690
3227,99,618,8,15522
3228,129,281,3,8806
3229,111,215,3,6913
3230,36,41,5,2336
3231,49,98,2,3069
3232,1,0,1,3
3233,15,21,4,682
3234,185,694,3,20034
3235,24,36,8,1617
3236,80,135,2,4830
3237,236,897,3,19393
3238,245,653,3,16694
3239,217,2830,14,60900
3240,19,16,3,819
3241,52,78,2,2415
3242,70,105,2,3525
3243,36,56,4,2482
3244,147,753,6,21535
3245,230,565,2,16596
3246,164,429,2,12502
3247,206,609,2,16520
3248,129,398,3,10878
3249,121,333,2,8505
3250,104,601,9,17974
3251,222,525,3,15130
3252,133,307,2,8277
3253,117,542,3,12220
3254,220,628,3,18963
3255,15,9,3,496
3256,97,142,2,4680
3257,231,852,2,24539
3258,121,276,2,7533
3259,216,737,4,19918
3260,128,226,2,7453
3261,60,122,4,4719
3262,195,523,2,14467
3263,215,1011,3,23705
3264,54,121,5,4251
3265,50,88,3,2323
3266,126,295,3,8855
3267,113,391,4,12712
3268,106,220,2,6390
3269,196,628,2,15327
3270,9,6,3,190
3271,62,83,3,3375
3272,156,446,2,14711
3273,118,244,3,7347
3274,30,29,2,915
3275,130,591,5,15921
3276,199,1604,7,39900
3277,153,330,2,9824
3278,12,13,6,475
3279,171,402,2,10976
3280,224,759,2,19756
3281,177,562,2,15620
3282,49,286,10,7326
3283,118,228,2,6636
3284,199,564,2,14364
3285,210,722,2,15998
3286,100,231,3,6432
3287,104,270,3,7106
3288,63,353,5,6096
3289,56,69,2,2938
3290,236,684,2,15609
3291,26,39,3,1007
3292,77,111,2,4650
3293,110,637,7,15912
3294,193,4128,12,62307
3295,243,632,2,16071
3296,159,776,6,21692
3297,38,42,2,1540
3298,23,33,4,1128
3299,73,150,3,4704
3300,186,1159,6,29094
3301,120,264,2,6989
3302,198,500,2,13498
3303,150,349,2,10535
3304,97,507,6,13455
3305,204,469,2,15133
3306,219,2298,9,50046
3307,138,404,3,8310
3308,13,10,4,540
3309,18,18,7,1184
3310,83,267,2,6012
3311,111,234,3,9589
3312,139,573,5,19809
3313,208,568,3,14178
3314,142,354,2,8550
3315,137,437,3,8525
3316,173,901,7,24984
3317,105,220,2,6541
3318,100,139,3,5829
3319,72,155,4,4785
3320,71,179,3,5148
3321,167,942,3,22780
3322,208,1117,6,32526
3323,58,101,2,2925
3324,134,504,3,13450
3325,45,83,7,3094
3326,29,21,2,1239
3327,125,206,3,6777
3328,46,44,2,2139
3329,83,153,2,4843
3330,122,664,7,22050
3331,193,865,3,18189
3332,42,65,3,2295
3333,41,70,4,2905
3334,33,64,4,1742
3335,225,2760,14,65846
3336,175,429,2,12285
3337,168,327,3,13817
3338,166,437,2,11655
3339,217,1112,3,19575
3340,84,266,5,8619
3341,192,535,2,15015
3342,21,52,6,1419
3343,226,689,2,14496
3344,173,436,2,12145
3345,19,13,4,936
3346,100,214,2,6231
3347,115,660,6,18249
3348,84,220,3,8112
3349,238,696,2,19557
3350,114,188,2,6412
3351,73,371,8,8232
3352,190,5061,17,69723
3353,98,326,3,8668
3354,230,482,2,17979
3355,15,9,5,620
3356,211,580,3,19035
3357,24,23,3,980
3358,21,25,4,903
3359,225,632,2,18040
3360,191,532,2,14171
3361,222,1027,2,18690
3362,149,399,2,11661
3363,114,396,4,11450
3364,37,57,3,1650
3365,21,21,3,817
3366,190,1004,4,24384
3367,224,577,3,15266
3368,84,124,2,4056
3369,70,261,8,9729
3370,188,521,4,18096
3371,15,13,4,527
3372,34,35,3,1380
3373,199,493,3,18753
3374,49,83,3,2277
3375,143,1942,14,37310
3376,28,23,2,798
3377,127,430,4,12240
3378,173,460,3,13186
3379,202,1060,5,24705
3380,152,771,6,22570
3381,146,376,5,13185
3382,15,11,4,465
3383,21,25,6,1204
3384,74,116,2,4023
3385,169,597,2,12204
3386,118,582,4,13983
3387,194,542,3,13615
3388,194,1689,9,52515
3389,90,599,8,12127
3390,75,172,4,6040
3391,227,731,3,18655
3392,92,313,3,7585
3393,244,825,2,19071
3394,238,1276,3,28620
3395,87,169,2,4900
3396,69,123,2,3475
3397,141,357,2,8773
3398,88,242,4,6195
3399,15,14,5,589
3400,207,801,4,19505
3401,208,471,3,13761
3402,51,97,3,3708
3403,238,620,3,16695
3404,107,304,3,7955
3405,148,1556,7,27324
3406,57,104,4,3680
3407,210,549,2,15156
3408,174,374,2,11517
3409,124,277,2,7221
3410,126,1555,17,40986
3411,1,0,1,3
3412,122,311,3,9800
3413,28,40,4,1197
3414,55,137,3,3219
3415,212,1458,4,29750
3416,39,100,7,4266
3417,36,59,2,1533
3418,92,348,7,12210
3419,181,738,6,22869
3420,94,277,4,8127
3421,18,16,4,592
3422,209,489,3,13827
3423,152,651,4,16165
3424,91,165,3,6039
3425,116,262,2,6757
3426,191,458,2,13405
3427,236,887,3,22704
3428,29,30,3,1239
3429,163,677,3,16350
3430,198,474,3,14689
3431,111,271,5,10704
3432,24,45,4,1372
3433,90,149,2,5068
3434,94,204,2,5481
3435,140,285,3,9554
3436,176,542,3,19062
3437,50,164,7,5858
3438,133,307,2,8277
3439,125,420,4,10542
3440,154,383,3,12978
3441,102,179,2,6560
3442,142,389,2,9690
3443,75,132,2,3473
3444,158,314,3,9510
3445,18,14,3,555
3446,71,329,7,9295
3447,126,300,2,8855
3448,137,408,2,11550
3449,25,41,4,1224
3450,94,183,2,5670
3451,189,407,2,12128
3452,149,491,5,16445
3453,68,190,6,5891
3454,210,709,3,17261
3455,58,87,4,3744
3456,159,539,6,18183
3457,20,19,3,738
3458,180,707,4,20216
3459,210,1671,8,42942
3460,33,41,3,1407
3461,195,431,2,12121
3462,19,29,3,1092
3463,218,653,3,21850
3464,65,100,3,3930
3465,56,208,8,6554
3466,248,741,3,19880
3467,157,427,3,10395
3468,225,4079,6,54120
3469,177,642,5,20590
3470,237,695,3,25175
3471,158,383,3,10144
3472,152,484,3,14335
3473,118,535,3,10428
3474,202,1157,2,19440
3475,150,1023,7,27692
3476,45,88,4,2821
3477,94,268,6,12663
3478,94,266,3,7182
3479,108,173,2,6727
3480,210,477,2,14314
3481,246,3096,7,48314
3482,14,13,3,638
3483,120,263,2,9399
3484,200,888,3,20852
3485,79,171,2,4134
3486,188,1224,4,26767
3487,63,204,5,6985
3488,102,220,3,7175
3489,231,620,2,19446
3490,59,91,2,3094
3491,128,273,2,7710
3492,1,0,1,3
3493,235,1070,3,26847
3494,207,870,3,25315
3495,160,981,5,21507
3496,177,871,4,17395
3497,231,545,2,15742
3498,44,60,3,1958
3499,209,1821,8,44833
3500,19,22,4,702
3501,17,17,3,490
3502,37,78,5,2475
3503,136,266,3,8190
3504,202,640,4,21870
3505,153,559,5,19034
3506,223,971,4,28608
3507,142,473,3,12825
3508,72,127,2,4060
3509,230,1001,4,25816
3510,172,591,4,18630
3511,179,332,2,11847
3512,60,283,6,6050
3513,69,117,2,3753
3514,164,445,2,13489
3515,145,339,2,9312
3516,209,483,3,14665
3517,38,47,2,1694
3518,228,628,2,16909
3519,175,641,5,18954
3520,58,107,3,3276
3521,47,174,4,3135
3522,54,122,4,3815
3523,189,587,5,22740
3524,120,265,2,7712
3525,51,85,3,3296
3526,25,21,2,918
3527,142,493,3,13965
3528,191,1079,4,24129
3529,1,0,1,3
3530,207,1349,5,33615
3531,55,119,4,5106
3532,135,972,4,17886
3533,119,1386,12,25095
3534,234,474,2,16884
3535,129,313,3,8547
3536,122,260,2,7350
3537,142,380,3,9120
3538,53,109,2,2461
3539,144,427,2,10982
3540,11,8,4,437
3541,124,258,4,8715
3542,180,567,2,11913
3543,148,492,2,9801
3544,22,30,6,1260
3545,153,524,4,15043
3546,16,12,2,528
3547,46,59,2,1767
3548,136,423,3,10920
3549,228,719,3,22850
3550,230,2396,9,59008
3551,18,24,4,777
3552,106,321,5,9159
3553,160,376,2,9630
3554,54,158,11,8175
3555,143,1138,10,31570
3556,178,392,3,12852
3557,90,206,4,7783
3558,227,954,2,18200
3559,14,15,4,783
3560,124,506,3,12699
3561,79,668,13,14310
3562,21,25,4,860
3563,67,350,10,10260
3564,165,1499,7,32107
3565,179,840,3,23694
3566,100,272,3,8241
3567,118,772,8,16827
3568,165,407,3,12909
3569,72,127,2,3625
3570,75,488,13,15704
3571,69,199,5,6672
3572,43,63,4,2175
3573,34,50,3,1173
3574,213,1165,3,26901
3575,184,437,2,11439
3576,84,162,2,4394
3577,129,314,2,8806
3578,27,32,3,935
3579,200,1733,5,26065
3580,115,301,4,9702
3581,109,222,2,7227
3582,184,421,2,11808
3583,190,534,3,15621
3584,32,40,4,2080
3585,124,444,5,13446
3586,124,288,2,7470
3587,119,331,2,8365
3588,9,6,3,228
3589,1,1,1,3
3590,10,7,3,294
3591,24,21,2,931
3592,168,513,4,16176
3593,19,16,3,624
3594,38,101,5,2849
3595,87,142,4,5425
3596,223,526,2,15645
3597,187,566,3,16125
3598,211,915,3,23688
3599,210,1660,6,36627
3600,162,451,2,12025
3601,206,1015,4,26845
3602,179,440,2,11847
3603,194,767,2,15949
3604,132,488,2,10335
3605,211,549,2,16074
3606,241,845,2,19320
3607,28,35,3,1026
3608,112,241,4,8325
3609,56,252,7,7910
3610,50,149,3,3131
3611,173,696,4,22208
3612,239,811,3,24429
3613,47,115,4,4180
3614,44,122,8,4272
3615,165,396,3,14233
3616,81,588,10,14996
3617,199,857,5,29526
3618,171,432,2,10976
3619,96,344,2,6755
3620,186,849,4,20515
3621,226,2181,5,39864
3622,20,26,3,861
3623,204,549,3,18405
3624,171,482,2,11662
3625,154,351,2,10506
3626,47,119,7,4465
3627,249,1574,6,41916
3628,53,80,2,2568
3629,18,16,4,666
3630,24,25,2,784
3631,42,72,2,1785
3632,81,500,10,13855
3633,159,678,5,16269
3634,47,192,8,5320
3635,134,483,5,16409
3636,24,26,3,1029
3637,11,6,2,253
3638,82,300,7,8910
3639,63,138,4,4445
3640,108,250,3,6727
3641,160,829,4,17655
3642,107,170,2,6450
3643,52,123,6,5670
3644,63,98,3,4191
3645,204,592,2,15951
3646,199,968,3,18753
3647,44,46,3,2314
3648,30,44,4,1769
3649,62,108,2,3375
3650,59,104,2,2856
3651,13,10,4,513
3652,134,826,9,24479
3653,196,498,2,12576
3654,127,311,2,9690
3655,70,112,3,4089
3656,82,277,5,7425
3657,108,353,5,10199
3658,60,109,2,2904
3659,203,676,3,15873
3660,126,319,3,8096
3661,81,613,11,15974
3662,180,441,2,11191
3663,130,280,2,9135
3664,72,146,2,4060
3665,118,591,5,14931
3666,65,462,10,9956
3667,74,264,5,7599
3668,12,10,4,500
3669,37,44,2,1500
3670,216,558,2,16021
3671,82,181,3,4455
3672,68,473,11,11371
3673,112,742,5,15975
3674,208,487,2,13344
3675,124,381,4,11454
3676,110,244,3,8177
3677,122,270,2,8085
3678,230,2480,11,64079
3679,111,222,2,6021
3680,214,765,3,19734
3681,231,680,2,18520
3682,190,558,2,12573
3683,59,77,3,3094
3684,35,83,8,3337
3685,21,62,6,1247
3686,187,1404,7,37125
3687,63,184,3,5334
3688,121,219,2,7776
3689,119,851,6,23661
3690,48,95,4,3298
3691,195,757,3,19550
3692,231,1101,3,25002
3693,225,1018,2,18942
3694,179,2482,14,47747
3695,56,87,2,3164
3696,185,401,2,13356
3697,25,49,6,1683
3698,202,2814,15,71685
3699,158,846,7,25360
3700,160,394,2,10914
3701,40,55,3,1863
3702,49,67,5,3960
3703,102,256,2,6560
3704,30,37,2,1220
3705,237,595,2,16625
3706,119,231,2,7648
3707,172,939,5,24495
3708,43,68,2,1827
3709,191,2616,13,55918
3710,23,18,2,799
3711,97,214,2,6240
3712,83,593,8,12859
3713,48,129,7,4753
3714,23,28,4,1034
3715,174,330,2,11517
3716,137,571,7,17875
3717,99,560,6,12139
3718,14,18,4,841
3719,36,90,5,2336
3720,226,599,2,17214
3721,199,558,3,16758
3722,42,102,6,3995
3723,1,1,1,3
3724,171,459,2,12691
3725,30,72,2,1403
3726,164,696,2,15134
3727,183,421,2,13212
3728,137,367,2,11000
3729,159,565,2,13717
3730,48,111,4,3395
3731,165,774,6,22177
3732,84,420,6,9971
3733,143,471,5,13202
3734,233,617,2,17746
3735,83,99,2,3841
3736,124,445,5,12948
3737,189,699,4,18192
3738,111,264,2,7136
3739,221,1090,4,30124
3740,59,125,2,3689
3741,24,21,2,882
3742,117,540,6,12925
3743,145,321,2,9312
3744,152,413,4,14030
3745,210,838,4,23997
3746,183,448,4,15781
3747,175,613,2,17199
3748,156,1104,11,33491
3749,129,302,2,7770
3750,176,1628,15,44831
3751,19,16,4,819
3752,213,527,2,12810
3753,7,4,5,270
3754,135,479,5,16260
3755,201,555,3,12493
3756,211,568,3,13536
3757,194,635,2,15560
3758,100,262,3,8442
3759,36,34,2,1314
3760,18,16,3,666
3761,28,29,3,912
3762,121,253,3,7290
3763,152,391,3,10370
3764,98,182,3,6895
3765,175,895,4,19656
3766,83,292,4,7014
3767,36,48,2,1533
3768,93,207,5,9724
3769,107,199,2,6235
3770,205,469,2,13152
3771,140,731,5,18827
3772,127,279,2,7395
3773,212,563,2,14875
3774,180,534,2,11191
3775,77,157,4,6200
3776,33,44,3,1742
3777,129,617,3,13986
3778,123,290,3,10621
3779,34,31,3,2346
3780,121,513,4,14094
3781,242,701,4,22795
3782,25,46,5,1377
3783,181,422,2,13431
3784,12,12,5,625
3785,1,0,1,3
3786,106,254,3,7455
3787,166,376,2,9990
3788,106,260,4,8520
3789,126,319,2,7843
3790,40,144,5,3078
3791,197,563,2,16985
3792,114,229,2,7557
3793,101,329,4,7714
3794,111,214,2,6021
3795,144,373,2,8959
3796,93,159,2,4862
3797,225,677,3,19844
3798,79,169,3,5088
3799,102,184,3,5125
3800,67,151,3,4050
3801,16,12,4,660
3802,117,261,3,6815
3803,108,1008,13,24521
3804,81,174,2,4401
3805,158,719,3,13631
3806,69,97,2,3475
3807,103,162,4,7245
3808,104,379,4,9405
3809,65,222,3,4978
3810,57,314,11,8510
3811,37,55,3,1950
3812,44,158,4,3026
3813,98,193,2,5319
3814,34,68,3,2208
3815,173,389,2,12145
3816,107,242,2,6665
3817,236,581,3,16555
3818,40,69,4,2754
3819,196,803,2,18471
3820,39,45,3,1580
3821,122,386,2,8330
3822,77,129,3,4340
3823,61,311,12,7626
3824,218,1360,3,23598
3825,124,375,2,6972
3826,20,19,3,615
3827,21,16,2,817
3828,229,988,4,27540
3829,68,148,6,5891
3830,202,647,3,14985
3831,238,866,5,29097
3832,205,3984,13,64938
3833,183,1094,7,32663
3834,111,244,4,9366
3835,228,4554,18,89115
3836,141,1220,5,17546
3837,16,16,5,594
3838,52,80,2,2205
3839,16,23,5,627
3840,218,634,3,21850
3841,168,425,3,16513
3842,182,515,5,20805
3843,95,169,2,5730
3844,172,691,3,14835
3845,203,668,2,15873
3846,182,633,3,15695
3847,28,28,2,1197
3848,215,643,3,17240
3849,128,329,4,10537
3850,144,327,2,10693
3851,36,39,2,1825
3852,138,370,3,10803
3853,235,2086,9,49455
3854,124,254,2,6972
3855,227,554,2,15015
3856,11,7,4,437
3857,10,8,3,273
3858,211,1630,10,51606
3859,57,91,2,2645
3860,164,595,5,17766
3861,117,520,3,10575
3862,83,216,2,4509
3863,231,811,3,22224
3864,131,253,2,9205
3865,140,780,5,19108
3866,76,166,2,4437
3867,99,314,6,9950
3868,48,172,5,3880
3869,92,602,11,18685
3870,244,960,2,19071
3871,66,373,4,5453
3872,38,100,3,2156
3873,109,753,9,23871
3874,111,209,2,6913
3875,45,110,3,2093
3876,55,148,2,3441
3877,187,615,3,15750
3878,64,102,2,2709
3879,192,1182,8,30415
3880,29,29,2,1062
3881,110,319,3,7735
3882,191,432,3,11873
3883,135,411,3,8130
3884,20,49,8,1435
3885,71,216,4,5148
3886,162,3518,21,64025
3887,214,641,2,15873
3888,79,167,3,4770
3889,185,1963,7,36358
3890,109,286,2,6789
3891,139,638,6,16182
3892,163,1128,6,25833
3893,188,487,2,13195
3894,38,81,5,2233
3895,17,20,5,945
3896,221,534,2,15948
3897,183,466,2,12478
3898,122,232,2,7350
3899,224,623,2,17062
3900,29,31,3,1357
3901,129,334,2,9324
3902,45,81,4,3458
3903,121,249,2,7533
3904,195,470,2,13294
3905,12,59,4,600
3906,115,231,2,6930
3907,83,153,2,5344
3908,181,362,2,12705
3909,234,2442,6,52059
3910,209,2289,8,42319
3911,50,140,6,4444
3912,133,342,3,11481
3913,235,698,5,22608
3914,104,254,2,5643
3915,173,1123,8,34353
3916,204,2851,7,45808
3917,137,238,3,8250
3918,134,385,3,12374
3919,110,569,2,10829
3920,156,1268,8,32239
3921,43,55,2,2175
3922,69,135,3,5838
3923,32,67,4,1755
3924,96,1011,14,22581
3925,154,395,2,11433
3926,48,99,5,2619
3927,183,1024,4,22020
3928,53,124,4,4815
3929,142,373,3,9405
3930,220,588,3,15876
3931,207,685,3,20750
3932,38,63,2,1694
3933,42,117,6,3400
3934,62,136,3,4375
3935,187,1131,5,28875
3936,202,571,5,22275
3937,229,720,3,17901
3938,209,564,2,16341
3939,130,259,3,8091
3940,202,498,2,12960
3941,81,248,4,7498
3942,76,141,3,4284
3943,215,767,5,25429
3944,90,160,2,4706
3945,191,1236,5,31789
3946,83,157,3,6513
3947,203,735,2,14245
3948,6,2,4,143
3949,132,406,5,15370
3950,160,671,4,15408
3951,80,200,4,5313
3952,74,131,4,5066
3953,186,1232,4,25737
3954,241,1004,3,24633
3955,160,1523,4,24396
3956,79,141,3,5247
3957,103,195,3,6003
3958,105,206,3,8018
3959,211,893,4,26226
3960,196,617,4,16113
3961,83,347,4,7849
3962,183,679,3,15781
3963,222,1173,3,29815
3964,42,57,2,1530
3965,28,33,2,1140
3966,79,116,2,3498
3967,159,408,2,10208
3968,206,987,2,21063
3969,194,594,2,14004
3970,59,114,2,3808
3971,150,749,3,15050
3972,20,19,3,574
3973,163,387,2,11772
3974,81,300,5,10921
3975,50,245,8,5858
3976,218,733,3,24472
3977,47,65,4,2945
3978,207,740,3,16600
3979,231,1203,3,23613
3980,92,193,3,6660
3981,55,89,4,3330
3982,89,136,2,5191
3983,123,331,3,11609
3984,162,423,2,10400
3985,70,121,2,4089
3986,196,1835,8,39693
3987,166,2388,20,62604
3988,165,1178,5,25818
3989,145,1005,6,22698
3990,46,78,3,2976
3991,156,810,4,23162
3992,95,545,8,14325
3993,11,8,4,345
3994,203,502,2,13431
3995,72,98,2,3625
3996,132,302,4,13250
3997,110,183,2,6630
3998,151,1981,14,43026
3999,150,739639,4,15050
4000,229,1679,5,32589
4001,140,437,4,11240
4002,223,694,2,17433
4003,97,489,5,10140
4004,183,469,2,12111
4005,151,424,4,13635
4006,125,233,2,8032
4007,154,739,5,21012
4008,210,564,4,22734
4009,53,331,12,8881
4010,139,412,2,9486
4011,43,43,2,2262
4012,117,200,3,6580
4013,55,185,5,4995
4014,71,179,5,6721
4015,195,683,4,17204
4016,78,411,9,12089
4017,59,89,2,3094
4018,48,53,2,1940
4019,112,228,2,5625
4020,221,717,6,26137
4021,36,66,8,3285
4022,22,32,2,900
4023,152,530,4,14945
4024,126,346,3,9867
4025,185,3977,8,42294
4026,107,777,7,16555
4027,24,44,5,1519
4028,119,822,5,13384
4029,160,1334,8,32421
4030,164,868,6,23688
4031,216,507,3,20784
4032,96,343,9,11387
4033,230,678,3,17057
4034,186,428,2,14174
4035,166,929,5,24309
4036,37,78,3,2025
4037,238,970,2,21465
4038,39,67,5,2528
4039,44,60,3,1869
4040,198,474,2,13498
4041,74,123,2,4023
4042,180,612,3,15523
4043,221,579,2,14619
4044,104,168,3,7524
4045,122,307,4,12250
4046,39,59,5,2528
4047,21,35,5,1333
4048,18,14,4,703
4049,143,368,3,9471
4050,45,64,2,2184
4051,206,886,4,24780
4052,182,636,3,17155
4053,172,586,3,18975
4054,208,589,2,14595
4055,41,65,4,2324
4056,177,368,2,10650
4057,35,39,3,1491
4058,42,63,2,1955
4059,227,1876,10,57330
4060,45,58,3,2002
4061,85,239,3,7353
4062,41,106,8,4980
4063,117,375,3,10810
4064,71,196,4,7436
4065,65,96,2,3013
4066,132,286,3,8745
4067,127,284,3,8670
4068,206,918,6,31388
4069,141,284,3,9622
4070,69,276,5,6672
4071,234,2517,4,34237
4072,124,217,2,8466
4073,108,181,3,7812
4074,14,9,4,667
4075,196,527,2,16899
4076,44,71,3,2670
4077,63,100,2,2921
4078,224,729,4,22450
4079,171,491,2,11319
4080,114,1067,9,20610
4081,177,450,3,12070
4082,138,280,2,8864
4083,139,802,6,22599
4084,213,558,3,15799
4085,211,707,3,20304
4086,194,504,3,15560
4087,127,471,7,17850
4088,75,164,4,8003
4089,39,45,4,1896
4090,21,18,2,688
4091,15,11,3,496
4092,68,163,3,5206
4093,74,491,7,10579
4094,1,0,1,3
4095,117,208,3,7520
4096,163,390,3,13734
4097,69,101,2,4031
4098,118,299,4,11139
4099,82,130,4,5445
4100,217,1289,6,41325
4101,228,526,2,14167
4102,140,612,4,11802
4103,93,171,2,5423
4104,89,350,6,10382
4105,52,131,4,3675
4106,170,395,3,18073
4107,55,84,3,3219
4108,177,1766,3,26980
4109,179,2092,8,38054
4110,238,964,3,24804
4111,6,2,2,104
4112,176,1368,10,37418
4113,198,2882,9,49625
4114,73,144,2,3234
4115,95,209,3,7449
4116,141,342,2,10188
4117,21,23,4,1032
4118,192,510,2,15015
4119,83,264,6,6680
4120,230,877,3,23050
4121,170,1216,4,25916
4122,170,472,3,15345
4123,216,1484,5,42001
4124,22,22,3,1035
4125,241,558,2,19320
4126,64,94,2,3225
4127,41,47,3,2656
4128,149,237,3,11661
4129,60,73,2,2541
4130,171,1019,7,30184
4131,152,253,3,9760
4132,147,294,3,11505
4133,215,486,2,14223
4134,19,104,5,1287
4135,146,946,8,26370
4136,126,456,3,12144
4137,29,37,5,1652
4138,22,18,3,720
4139,95,230,4,7449
4140,113,367,9,13166
4141,154,457,4,16068
4142,17,18,4,665
4143,87,249,4,7525
4144,127,356,2,9945
4145,221,494,2,14619
4146,187,891,4,20250
4147,211,657,3,19881
4148,215,542,2,15085
4149,157,1444,10,37800
4150,83,166,2,6012
4151,180,430,3,15884
4152,135,1019,8,26558
4153,221,580,2,15948
4154,190,409,2,13716
4155,195,429,3,13294
4156,61,66,2,3075
4157,229,525,4,19737
4158,172,1103,7,32430
4159,29,26,3,885
4160,102,296,6,10660
4161,148,358,2,10098
4162,17,16,6,805
4163,174,714,5,25477
4164,180,618,4,19494
4165,222,545,3,16020
4166,189,755,5,23119
4167,226,1029,5,35334
4168,84,141,2,5070
4169,92,199,2,6105
4170,13,11,6,486
4171,75,131,3,3473
4172,180,340,2,12274
4173,55,205,9,8103
4174,161,381,2,12274
4175,114,321,3,10992
4176,241,2571,8,51681
4177,54,68,3,2943
4178,47,71,4,2470
4179,137,363,3,13200
4180,19,12,2,624
4181,222,682,3,23585
4182,139,377,4,15624
4183,155,1867,14,46028
4184,176,623,4,15885
4185,170,370,2,11935
4186,222,818,3,24030
4187,228,914,2,20565
4188,77,154,2,4340
4189,86,182,4,7958
4190,136,723,11,27027
4191,65,88,2,2751
4192,102,200,2,5535
4193,44,55,3,2670
4194,31,34,5,1575
4195,127,304,2,7650
4196,183,381,2,13212
4197,63,143,5,6858
4198,114,209,2,6870
4199,66,252,4,5985
4200,70,111,4,5217
4201,34,76,6,2760
4202,63,136,3,3810
4203,130,271,3,10179
4204,70,145,2,3666
4205,120,1093,4,13737
4206,238,1818,4,31959
4207,187,1314,3,24375
4208,204,666,2,17587
4209,41,97,2,1743
4210,151,583,5,19695
4211,180,492,4,20577
4212,53,147,7,6099
4213,196,3287,16,66024
4214,83,370,5,10020
4215,193,1202,5,32895
4216,85,126,2,4275
4217,95,328,5,10123
4218,157,306,4,14490
4219,187,1393,9,35625
4220,145,280,2,9894
4221,199,590,3,15561
4222,95,183,4,8213
4223,17,11,3,665
4224,195,498,4,21896
4225,16,21,5,660
4226,43,72,3,2436
4227,88,165,2,4602
4228,208,433,2,13761
4229,225,514,2,15785
4230,152,356,3,13420
4231,229,680,3,20655
4232,42,46,3,1955
4233,68,112,3,3973
4234,157,419,3,10080
4235,41,49,4,3237
4236,43,106,5,3306
4237,80,138,3,4991
4238,117,573,4,15745
4239,130,235,2,9396
4240,82,188,5,7260
4241,138,409,3,10803
4242,196,435,2,12969
4243,207,500,2,13695
4244,185,871,4,21889
4245,207,675,3,17845
4246,93,279,6,9350
4247,184,413,2,12546
4248,65,109,2,3275
4249,152,302,2,11590
4250,183,2624,11,48444
4251,230,1395,8,49788
4252,102,762,11,17835
4253,209,1587,10,51537
4254,47,64,2,2565
4255,179,716,2,15437
4256,204,558,3,13497
4257,252,3048,10,65650
4258,20,13,3,615
4259,71,112,3,4576
4260,18,11,3,666
4261,159,890,5,26158
4262,62,90,2,3250
4263,1,1,1,3
4264,107,305,3,10750
4265,203,932,2,18315
4266,81,113,2,5053
4267,228,613,2,17366
4268,29,75,9,3068
4269,158,343,2,9193
4270,68,108,4,4932
4271,32,62,4,2340
4272,213,634,3,17080
4273,68,197,5,6165
4274,38,33,3,1386
4275,70,121,2,4089
4276,28,50,3,1425
4277,176,1732,11,44831
4278,104,334,3,7942
4279,228,3155,8,57125
4280,187,842,3,19125
4281,84,191,2,4563
4282,45,159,5,3458
4283,224,711,2,16164
4284,156,384,3,11268
4285,163,2571,18,59514
4286,45,52,3,2730
4287,131,958,7,19988
4288,152,1448,9,32025
4289,146,469,4,15236
4290,35,43,2,1136
4291,134,277,2,8877
4292,151,732,3,15756
4293,181,647,5,16698
4294,185,1070,9,37842
4295,37,44,2,1500
4296,96,147,3,7334
4297,148,290,2,9801
4298,246,706,2,18241
4299,137,294,2,9625
4300,206,516,2,16933
4301,134,702,6,21251
4302,25,19,2,867
4303,102,366,6,11275
4304,109,795,6,15549
4305,235,3474,18,85251
4306,219,647,2,17560
4307,149,1582,12,41262
4308,73,297,6,9114
4309,81,195,4,5542
4310,50,82,3,2727
4311,135,336,2,9214
4312,127,282,3,7395
4313,137,237,2,8525
4314,202,475,2,14580
4315,137,706,5,17050
4316,207,987,5,28220
4317,98,613,9,17730
4318,102,235,3,8815
4319,69,102,2,3892
4320,41,50,4,2407
4321,134,380,2,8877
4322,62,119,4,4375
4323,167,440,5,20770
4324,109,224,2,7446
4325,64,100,2,3612
4326,41,80,2,1909
4327,218,660,4,20976
4328,76,451,9,11169
4329,95,194,2,4966
4330,111,256,3,7805
4331,244,1321,5,36675
4332,167,561,4,18760
4333,63,72,4,4064
4334,68,149,3,4110
4335,197,548,2,15405
4336,56,165,5,5311
4337,204,423,2,13497
4338,214,1034,2,23595
4339,70,154,2,4653
4340,26,31,3,1219
4341,146,395,3,11720
4342,237,1578,3,31825
4343,172,2028,4,25185
4344,207,466,3,15770
4345,7,6,4,180
4346,105,210,3,9706
4347,62,89,2,2875
4348,201,637,3,14105
4349,72,161,4,5945
4350,32,41,4,1885
4351,55,142,4,4107
4352,106,157,3,6816
4353,71,122,2,3861
4354,15,18,3,558
4355,137,830,3,16225
4356,106,342,2,8094
4357,143,978,5,21238
4358,79,183,3,5088
4359,139,1240,11,32085
4360,203,806,5,23606
4361,219,697,2,17121
4362,43,119,6,4263
4363,26,48,4,1537
4364,222,1370,3,24475
4365,106,482,5,15336
4366,22,41,5,1170
4367,194,618,4,18672
4368,18,15,4,703
4369,222,3036,11,61855
4370,232,798,3,20925
4371,134,497,4,12912
4372,154,1522,11,35844
4373,140,301,3,9273
4374,98,788,13,20882
4375,228,2589,11,66722
4376,61,107,3,4182
4377,173,465,2,13880
4378,71,454,6,8151
4379,176,371,2,11649
4380,164,328,3,10857
4381,72,150,2,4495
4382,55,70,3,3108
4383,26,32,5,1431
4384,41,46,2,1743
4385,220,2130,9,54243
4386,211,620,4,20727
4387,133,636,6,16821
4388,46,84,5,3162
4389,117,294,2,7990
4390,41,50,3,1660
4391,165,330,3,10592
4392,175,325,2,11583
4393,203,414,2,13838
4394,167,453,3,13065
4395,141,312,2,8490
4396,175,1545,13,50544
4397,152,463,4,18605
4398,202,674,3,22275
4399,120,271,3,10363
4400,150,965,6,22274
4401,82,203,2,4620
4402,44,54,5,2937
4403,239,1059,3,29219
4404,87,195,3,6475
4405,160,299,2,10272
4406,8,3,3,204
4407,21,40,2,645
4408,239,629,4,24908
4409,53,84,2,2247
4410,84,122,2,4225
4411,226,648,4,20838
4412,1,0,1,3
4413,123,215,2,7163
4414,53,87,3,2782
4415,141,321,2,8773
4416,117,253,3,7520
4417,94,159,3,4914
4418,77,554,12,15345
4419,48,60,2,2037
4420,98,201,2,5516
4421,58,135,5,4446
4422,219,720,4,23267
4423,109,659,6,16206
4424,109,619,7,17520
4425,179,467,2,13283
4426,204,623,2,15133
4427,37,39,4,1875
4428,88,733,6,10974
4429,80,149,2,3864
4430,70,221,6,6345
4431,74,114,3,3874
4432,38,55,4,1925
4433,175,489,2,14040
4434,166,729,5,22311
4435,104,236,4,7524
4436,1,0,1,3
4437,101,185,3,7917
4438,76,112,3,4437
4439,76,99,2,4284
4440,200,1198,6,30075
4441,158,562,2,12680
4442,143,266,2,9471
4443,15,8,3,496
4444,197,567,4,18565
4445,234,1765,8,44086
4446,207,512,2,15355
4447,209,1291,5,29330
4448,195,447,3,15640
4449,88,161,2,4248
4450,156,623,3,15337
4451,161,560,3,17442
4452,12,9,2,350
4453,21,18,5,1032
4454,235,3557,16,79599
4455,126,261,2,6831
4456,55,202,6,5994
4457,67,312,9,9180
4458,20,21,2,779
4459,233,3092,12,82192
4460,197,380,4,15010
4461,174,690,4,18846
4462,104,185,2,5016
4463,33,38,3,1943
4464,84,137,2,4732
4465,220,812,3,26901
4466,238,699,2,17649
4467,130,433,2,10179
4468,60,97,3,3146
4469,139,546,5,16740
4470,88,142,3,4779
4471,11,8,5,391
4472,162,380,3,11375
4473,38,42,3,2002
4474,56,72,4,3955
4475,30,47,6,2379
4476,113,315,4,10442
4477,76,245,9,10098
4478,209,566,3,17179
4479,161,850,3,19703
4480,60,151,5,4477
4481,149,462,4,14352
4482,103,351,3,11178
4483,13,36,5,594
4484,48,94,6,4171
4485,227,2210,11,52780
4486,76,972,9,10557
4487,185,378,3,14469
4488,127,334,2,9180
4489,50,64,3,2727
4490,193,742,2,18189
4491,73,503,9,9849
4492,16,22,4,792
4493,28,65,6,2109
4494,204,1192,6,37219
4495,132,483,4,14840
4496,222,2800,8,51620
4497,49,71,3,2772
4498,39,48,4,3713
4499,214,564,2,15873
4500,179,443,3,13642
4501,59,187,4,4760
4502,119,280,2,8126
4503,20,19,5,861
4504,135,343,3,11653
4505,79,180,6,6678
4506,197,501,2,14615
4507,113,235,2,7718
4508,10,6,3,294
4509,53,79,2,2782
4510,125,240,2,8785
4511,52,72,2,2940
4512,89,159,3,4475
4513,222,630,3,18245
4514,238,668,3,21942
4515,210,1853,6,40837
4516,153,316,2,8903
4517,94,225,2,5859
4518,11,7,3,299
4519,171,435,3,14749
4520,210,1205,5,34101
4521,167,391,2,11055
4522,97,1014,19,28665
4523,58,163,6,5382
4524,183,1947,10,45141
4525,120,213,2,6266
4526,77,131,3,4030
4527,37,55,2,1650
4528,128,740,6,17733
4529,159,533,3,14036
4530,47,95,4,2565
4531,31,32,3,945
4532,36,70,9,3723
4533,158,526,4,16484
4534,20,20,4,984
4535,100,190,3,7839
4536,100,188,2,6030
4537,202,459,3,17415
4538,141,553,5,18961
4539,163,480,3,15696
4540,88,141,2,4956
4541,209,966,4,25140
4542,210,936,4,19787
4543,172,1823,5,28290
4544,205,401,2,13152
4545,150,341,3,14749
4546,91,334,8,10065
4547,185,458,3,12243
4548,158,481,3,17118
4549,45,82,2,2093
4550,121,233,3,10692
4551,123,221,2,7410
4552,121,338,2,8019
4553,58,123,3,3510
4554,215,502,2,16809
4555,24,49,7,1568
4556,121,246,2,7047
4557,102,702,10,18450
4558,160,380,2,10914
4559,33,34,3,1273
4560,116,468,6,13747
4561,60,77,2,3146
4562,77,152,5,7440
4563,39,50,3,2054
4564,46,216,7,5022
4565,231,1314,5,29169
4566,162,421,4,12025
4567,32,62,8,2275
4568,33,34,3,1541
4569,164,2319,19,55930
4570,130,213,3,7569
4571,91,286,4,7503
4572,122,285,2,8085
4573,16,19,3,495
4574,117,259,4,8930
4575,164,339,2,13160
4576,76,147,2,5049
4577,179,372,2,11847
4578,119,435,5,13145
4579,222,1948,6,36490
4580,158,299,2,12363
4581,169,365,2,10509
4582,182,581,2,17520
4583,47,89,8,4655
4584,100,243,5,8040
4585,35,38,4,1988
4586,135,221,3,8672
4587,137,337,2,9350
4588,207,514,2,15770
4589,114,372,5,12595
4590,192,718,5,24640
4591,55,79,3,2664
4592,1,1,1,3
4593,91,120,2,5673
4594,50,73,2,2424
4595,82,133,3,5445
4596,50,121,4,3535
4597,218,455,2,15295
4598,175,741,5,22815
4599,34,39,3,1380
4600,138,331,4,11911
4601,154,1028,12,38625
4602,37,31,2,1500
4603,126,299,3,9108
4604,138,805,8,26592
4605,153,881,10,28551
4606,40,95,7,4131
4607,33,64,7,2747
4608,196,759,4,22794
4609,116,733,8,17941
4610,142,279,2,9120
4611,44,57,2,2047
4612,205,545,2,15618
4613,162,1268,8,28600
4614,68,357,8,8631
4615,19,23,5,741
4616,92,151,2,5180
4617,148,351,2,9801
4618,144,436,2,11560
4619,226,478,2,17667
4620,41,51,4,2573
4621,129,278,2,8806
4622,70,121,6,6627
4623,95,187,2,4966
4624,116,215,3,8854
4625,1,0,1,3
4626,149,631,5,20332
4627,105,480,4,10550
4628,120,397,6,15183
4629,45,85,3,2912
4630,90,264,3,5068
4631,165,374,2,11585
4632,9,5,3,247
4633,203,441,2,13838
4634,214,831,3,29172
4635,136,885,9,25662
4636,133,277,3,9078
4637,206,1568,7,40474
4638,44,85,5,3115
4639,36,34,2,1460
4640,89,160,3,5191
4641,139,990,10,29295
4642,146,337,2,9669
4643,122,221,2,7595
4644,131,950,6,21566
4645,196,449,2,14541
4646,208,468,3,15846
4647,137,369,2,11275
4648,218,2471,7,48070
4649,43,119,4,4002
4650,35,40,4,1704
4651,160,478,4,16371
4652,178,419,2,11067
4653,98,248,2,6501
4654,201,451,2,12896
4655,25,38,4,1326
4656,147,1861,11,35990
4657,174,2732,10,46417
4658,236,621,2,18920
4659,53,81,2,3103
4660,153,404,2,11359
4661,154,836,6,23793
4662,50,94,4,3737
4663,120,240,2,7712
4664,80,159,3,5635
4665,85,406,9,13680
4666,35,41,6,2272
4667,1,0,1,3
4668,205,502,3,16029
4669,52,210,7,5565
4670,218,501,3,19228
4671,1,0,1,3
4672,44,60,4,2848
4673,54,73,2,2834
4674,86,146,3,5017
4675,23,18,3,1034
4676,114,249,2,7328
4677,51,152,5,3605
4678,14,9,4,435
4679,84,210,4,6422
4680,30,52,5,1952
4681,40,130,4,2754
4682,92,226,6,10730
4683,212,487,2,14450
4684,43,81,5,3045
4685,0,0,1,3
4686,106,329,2,7455
4687,123,398,4,12597
4688,217,561,2,19140
4689,90,93,2,4887
4690,80,113,2,4347
4691,23,22,2,846
4692,226,4453,10,67044
4693,48,146,7,3880
4694,193,835,5,27477
4695,192,498,3,14245
4696,25,41,4,1377
4697,140,957,12,37935
4698,35,43,5,1846
4699,185,394,2,10388
4700,33,49,3,1340
4701,18,10,3,592
4702,151,754,4,21210
4703,114,613,4,12595
4704,179,1004,4,21540
4705,222,1522,6,44945
4706,44,75,3,2670
4707,108,176,4,7595
4708,119,337,4,9799
4709,215,674,2,17240
4710,230,1426,5,32731
4711,72,311,6,9570
4712,70,220,4,6909
4713,106,253,2,6816
4714,130,335,4,11484
4715,15,15,5,837
4716,47,72,3,2755
4717,46,125,7,4278
4718,29,30,4,2124
4719,61,98,3,3567
4720,190,1537,12,49149
4721,85,195,3,6327
4722,24,22,3,931
4723,61,113,2,3321
4724,192,572,3,17325
4725,33,69,6,2680
4726,52,250,14,8925
4727,87,292,4,7525
4728,163,766,3,16350
4729,209,1445,2,22626
4730,92,326,5,7770
4731,150,352,2,9331
4732,170,387,3,13981
4733,45,61,3,2457
4734,1,1,1,3
4735,87,189,3,4900
4736,142,376,4,13680
4737,23,25,4,940
4738,226,976,4,23103
4739,181,517,2,15246
4740,119,276,3,9799
4741,97,186,2,5850
4742,97,195,2,6825
4743,98,229,3,6107
4744,186,626,5,21261
4745,21,20,3,903
4746,78,310,3,6908
4747,44,67,4,2492
4748,118,243,3,7821
4749,71,133,2,4004
4750,136,672,7,19110
4751,171,2645,18,62083
4752,142,258,2,8550
4753,230,537,3,17518
4754,148,302,2,9801
4755,1,0,1,3
4756,72,223,5,7395
4757,98,133,2,5319
4758,95,587,4,10696
4759,53,125,4,3638
4760,15,11,4,465
4761,84,181,3,6084
4762,173,1108,8,29842
4763,112,287,4,9675
4764,223,547,2,15645
4765,127,426,5,13515
4766,1,1,1,3
4767,55,75,3,3774
4768,100,268,5,9648
4769,106,592,5,12141
4770,44,75,6,2937
4771,27,23,2,990
4772,214,484,2,14157
4773,178,474,3,18564
4774,132,257,2,8745
4775,215,2201,2,16378
4776,208,1183,7,37113
4777,236,533,2,20339
4778,153,363,2,10745
4779,192,4360,15,68915
4780,151,1846,11,36663
4781,119,720,9,26290
4782,189,1690,11,48133
4783,2,0,2,10
4784,8,11,4,255
4785,176,422,2,15179
4786,121,536,3,12636
4787,88,225,4,5664
4788,155,329,4,10885
4789,98,765,5,12805
4790,197,1255,6,33180
4791,202,1880,6,30780
4792,183,687,4,19084
4793,20,42,7,1353
4794,92,204,4,8510
4795,187,808,4,22875
4796,168,369,2,11121
4797,27,16,2,880
4798,77,141,2,5115
4799,138,665,7,21606
4800,109,290,3,9417
4801,54,106,4,5450
4802,103,215,3,8073
4803,125,210,2,7530
4804,97,197,4,9555
4805,174,365,2,11168
4806,165,392,2,9599
4807,45,73,2,1911
4808,160,425,3,14124
4809,184,585,3,18450
4810,167,530,2,15075
4811,65,125,5,5633
4812,142,460,6,19380
4813,60,112,2,3751
4814,182,418,2,14235
4815,75,142,3,5285
4816,162,506,4,16250
4817,169,395,2,10170
4818,145,547,5,18624
4819,186,503,3,15293
4820,239,660,2,18202
4821,171,417,2,11662
4822,73,245,3,5733
4823,158,327,2,10461
4824,64,143,3,3225
4825,95,538,8,14325
4826,121,321,2,7290
4827,208,2313,11,55461
4828,113,255,2,7264
4829,166,601,3,13653
4830,146,437,5,17287
4831,34,62,6,2622
4832,7,3,3,150
4833,63,165,3,4445
4834,241,3346,13,78246
4835,183,663,5,23488
4836,25,22,3,867
4837,194,486,4,21006
4838,196,1277,3,22401
4839,42,48,2,1785
4840,54,71,3,2616
4841,86,265,4,7958
4842,137,282,2,9625
4843,23,25,5,1175
4844,88,628,4,9558
4845,126,283,2,8349
4846,127,279,3,8415
4847,96,341,4,9071
4848,105,876,11,22788
4849,107,511,6,12685
4850,67,83,2,3105
4851,1,0,1,3
4852,215,712,5,24998
4853,99,288,4,7562
4854,94,372,6,11529
4855,57,138,4,3450
4856,9,5,4,266
4857,102,383,3,8200
4858,195,480,2,14076
4859,26,50,6,1855
4860,171,955,7,31556
4861,226,617,3,21744
4862,1,0,1,3
4863,58,101,4,3978
4864,183,2641,21,74868
4865,109,694,13,26499
4866,200,418,2,14837
4867,12,5,3,375
4868,240,768,2,20202
4869,212,724,3,22525
4870,184,484,2,14391
4871,60,116,2,2783
4872,64,111,2,3483
4873,90,153,2,4525
4874,69,114,3,3892
4875,182,654,4,15695
4876,32,109,6,2600
4877,130,337,3,10179
4878,215,1079,4,28877
4879,118,286,3,9006
4880,47,81,4,2660
4881,235,546,2,15072
4882,164,367,4,12831
4883,216,529,2,15588
4884,103,177,2,6210
4885,141,306,2,7924
4886,169,324,2,12543
4887,155,340,3,14928
4888,76,207,5,7650
4889,100,404,4,10653
4890,99,221,3,6368
4891,64,375,9,7095
4892,204,496,4,20041
4893,51,219,3,3605
4894,58,296,6,6318
4895,208,625,3,20850
4896,195,709,4,21505
4897,54,291,8,7848
4898,188,2346,7,37700
4899,123,377,4,10374
4900,191,416,3,16852
4901,125,249,2,7028
4902,56,302,9,6893
4903,143,633,5,21812
4904,54,155,6,5014
4905,249,2676,7,59381
4906,155,598,5,21459
4907,171,738,5,19894
4908,8,4,3,221
4909,51,90,2,2266
4910,145,865,8,25608
4911,206,430,2,15281
4912,165,342,3,11585
4913,117,308,3,12220
4914,119,330,3,7648
4915,179,877,7,33028
4916,79,183,4,6201
4917,25,63,8,2295
4918,202,1102,7,37260
4919,158,803,4,17435
4920,69,500,12,11676
4921,214,776,3,20592
4922,146,341,2,10548
4923,79,272,7,11766
4924,72,106,2,3770
4925,140,313,3,10116
4926,57,105,4,4485
4927,129,425,3,10101
4928,183,513,2,12845
4929,48,139,5,3589
4930,248,776,2,21868
4931,53,69,2,2568
4932,1,0,1,3
4933,144,471,3,13583
4934,102,208,2,5125
4935,195,685,2,19941
4936,106,276,2,8733
4937,53,98,6,3210
4938,231,642,2,17131
4939,86,318,5,9515
4940,85,136,2,6156
4941,158,1749,6,27896
4942,19,15,2,546
4943,147,313,3,9735
4944,210,827,5,21892
4945,41,109,9,5229
4946,87,306,4,7175
4947,78,162,2,4239
4948,157,1043,8,26775
4949,150,406,2,12341
4950,207,1278,2,23240
4951,42,122,6,3570
4952,1,0,1,3
4953,141,482,3,14433
4954,56,125,5,5311
4955,212,525,3,21675
4956,106,358,4,10437
4957,198,2208,6,35333
4958,213,885,6,34587
4959,48,72,2,2328
4960,63,102,2,3302
4961,20,26,5,1025
4962,150,272,3,8729
4963,114,377,4,10763
4964,46,67,2,2139
4965,69,190,3,5004
4966,85,128,2,5301
4967,143,332,3,9758
4968,217,435,2,15660
4969,241,2020,5,44919
4970,113,278,5,10442
4971,112,239,2,7650
4972,33,55,3,1474
4973,220,1362,6,33957
4974,35,41,2,1562
4975,21,19,3,645
4976,175,595,3,15093
4977,38,51,4,2002
4978,76,94,3,3060
4979,139,290,2,8091
4980,129,352,3,9324
4981,121,221,2,7776
4982,80,107,3,5152
4983,130,241,2,7569
4984,108,230,4,6944
4985,13,11,5,540
4986,55,53,2,2886
4987,40,142,10,5103
4988,1,0,1,3
4989,208,526,3,15429
4990,126,223,3,7843
4991,109,488,5,11388
4992,31,48,8,3213
4993,164,531,4,17108
4994,87,124,2,4550
4995,111,297,3,10927
4996,211,2717,11,53721
4997,91,169,3,7320
4998,191,449,2,13788
4999,214,521,2,15444
5000,109,210,2,6351
